delta_over_J,abs_chi,re_chi,im_chi,abs_mode1,abs_mode2,abs_mode3,abs_mode4,abs_mode5,abs_mode6
-1.4,0.8221156142324341,0.17041540670624503,0.8042590828345786,0.09790566498049626,0.021461168779496727,0.08888930741264874,0.22712645085997987,0.1913548526245625,0.2610376186358216
-1.398,0.8237232725613179,0.17108974621385176,0.8057594731057197,0.09829573818222903,0.021479870099216578,0.08897763679278743,0.22770301588711384,0.1915913757194713,0.26147752670477065
-1.396,0.8253384855572982,0.17176865243638062,0.8072664651663689,0.09868892912352883,0.02149860403867014,0.0890661418376955,0.2282825094636489,0.19182848356390292,0.2619189167445601
-1.394,0.8269613159771078,0.17245217212397781,0.8087801100746183,0.09908527529747499,0.02151737068327346,0.0891548230717565,0.22886495391152026,0.19206617832649356,0.26236179624012135
-1.392,0.8285918273662873,0.17314035269361444,0.8103004594885369,0.09948481480016115,0.021536170118741024,0.08924368102144269,0.22945037177960828,0.19230446218660394,0.26280617272676393
-1.39,0.8302300840727159,0.1738332422415348,0.8118275656758551,0.09988758634285554,0.021555002431087107,0.08933271621532521,0.23003878584662324,0.19254333733438522,0.2632520537905987
-1.388,0.8318761512604387,0.17453088955599397,0.813361481523851,0.10029362926445617,0.02157386770662705,0.08942192918408462,0.230630219124035,0.192782805970846,0.263699447068966
-1.386,0.833530094923799,0.17523334413029337,0.8149022605494427,0.10070298354425002,0.021592766031978624,0.08951132046052143,0.23122469485904676,0.19302287030791937,0.2641483602508681
-1.384,0.8351919819018785,0.17594065617612187,0.8164499569094871,0.10111568981498366,0.0216116974940633,0.08960089057956681,0.23182223653761477,0.193263532568531,0.2645988010774051
-1.382,0.8368618798932576,0.17665287663721171,0.8180046254112963,0.10153178937625608,0.021630662180107632,0.08969064007829299,0.23242286788751443,0.19350479498666712,0.26505077734221666
-1.38,0.8385398574711057,0.1773700572033177,0.8195663215233737,0.10195132420824074,0.02164966017764455,0.08978056949592425,0.2330266128814535,0.19374665980744352,0.26550429689192695
-1.378,0.8402259840986065,0.17809225032452963,0.8211351013863777,0.10237433698574855,0.021668691574514756,0.08987067937384743,0.23363349574023384,0.19398912928717485,0.26595936762659467
-1.376,0.8419203301447292,0.17881950922592627,0.8227110218243152,0.10280087109263979,0.021687756458868016,0.08996097025562315,0.2342435409359614,0.19423220569344435,0.26641599750016787
-1.3739999999999999,0.8436229669003545,0.1795518879225814,0.8242941403559736,0.10323097063659667,0.021706854919164593,0.09005144268699629,0.23485677319530704,0.19447589130517415,0.2668741945209432
-1.3719999999999999,0.8453339665947669,0.18028944123493248,0.8258845152065986,0.10366468046426576,0.02172598704417657,0.09014209721590735,0.23547321750281702,0.19472018841269648,0.2673339667520294
-1.3699999999999999,0.8470534024125206,0.18103222480452127,0.8274822053198201,0.10410204617678222,0.021745152922989213,0.09023293439250324,0.23609289910427622,0.19496509931782469,0.26779532231181635
-1.3679999999999999,0.8487813485106906,0.18178029511011812,0.8290872703698356,0.1045431141456864,0.02176435264500239,0.09032395476914856,0.2367158435101234,0.19521062633392536,0.26825826937444847
-1.3659999999999999,0.850517880036522,0.18253370948424152,0.8306997707738593,0.10498793152924461,0.021783586299931948,0.09041515890043661,0.23734207649892003,0.19545677178599077,0.26872281617030275
-1.3639999999999999,0.8522630731454814,0.18329252613008243,0.8323197677048367,0.10543654628918618,0.021802853977811093,0.09050654734320086,0.23797162412087403,0.19570353801071205,0.26918897098647243
-1.3619999999999999,0.8540170050197309,0.18405680413884834,0.833947323104442,0.10588900720786913,0.021822155768991824,0.09059812065652613,0.23860451270141886,0.19595092735655245,0.26965674216725505
-1.3599999999999999,0.8557797538870302,0.1848266035075371,0.8355824996963577,0.1063453639058873,0.02184149176414631,0.0906898794017599,0.23924076884484924,0.19619894218382203,0.27012613811464536
-1.3579999999999999,0.8575513990400803,0.18560198515715395,0.8372253609998461,0.10680566686013236,0.02186086205426835,0.09078182414252395,0.23988041943801458,0.1964475848647515,0.2705971672888345
-1.3559999999999999,0.8593320208563222,0.18638301095138596,0.8388759713436226,0.10726996742232413,0.021880266730674763,0.0908739554447258,0.24052349165407108,0.19669685778356846,0.2710698382087124
-1.3539999999999999,0.861121700818205,0.18716974371574646,0.8405343958800376,0.10773831783802384,0.02189970588500685,0.09096627387657026,0.24117001295629362,0.19694676333657263,0.27154415945237775
-1.3519999999999999,0.8629205215339277,0.18796224725720345,0.8422007005995706,0.10821077126614465,0.021919179609231818,0.09105878000857119,0.24182001110194853,0.19719730393221227,0.272020139657651
-1.3499999999999999,0.8647285667586864,0.18876058638430865,0.8438749523456563,0.10868738179897522,0.021938687995644236,0.09115147441356304,0.2424735141462288,0.1974484819911614,0.2724977875225944
-1.3479999999999999,0.8665459214164196,0.18956482692783963,0.8455572188298377,0.1091682044827311,0.021958231136867498,0.09124435766671299,0.24313055044625137,0.19770029994639732,0.2729771118060367
-1.3459999999999999,0.8683726716220846,0.19037503576197326,0.8472475686472664,0.1096532953386518,0.021977809125855292,0.09133743034553253,0.2437911486651206,0.19795276024327868,0.273458121328103
-1.3439999999999999,0.8702089047044684,0.1911912808260052,0.8489460712925541,0.11014271138465855,0.021997422055893046,0.09143069302988958,0.2444553377760558,0.19820586533962437,0.27394082497075123
-1.3419999999999999,0.8720547092295544,0.19201363114663292,0.850652797175985,0.1106365106575921,0.022017070020599445,0.0915241463020204,0.24512314706658583,0.1984596177057925,0.2744252316783132
-1.3399999999999999,0.8739101750244601,0.19284215686081996,0.8523678176401015,0.11113475223604735,0.0220367531139279,0.09161779074654183,0.24579460614281307,0.1987140198247611,0.2749113504580417
-1.3379999999999999,0.8757753932019617,0.1936769292392593,0.8540912049766709,0.11163749626382427,0.02205647143016805,0.09171162695046331,0.24646974493374488,0.19896907419220805,0.2753991903806638
-1.3359999999999999,0.8776504561856238,0.19451802071045432,0.8558230324440449,0.11214480397401412,0.02207622506394728,0.09180565550319923,0.2471485936956974,0.1992247833165926,0.275888760580939
-1.3339999999999999,0.8795354577355529,0.19536550488543789,0.857563374284925,0.11265673771374189,0.0220960141102322,0.09189987699658125,0.2478311830167703,0.19948114971923686,0.2763800702582243
-1.3319999999999999,0.8814304929747908,0.1962194565831485,0.8593123057445394,0.11317336096958486,0.022115838664330194,0.09199429202487071,0.24851754382139576,0.19973817593440882,0.27687312867704456
-1.3299999999999998,0.8833356584163715,0.19707995185648555,0.8610699030892497,0.11369473839368954,0.022135698821890953,0.09208890118477095,0.24920770737496165,0.19999586450940485,0.27736794516766927
-1.3279999999999998,0.8852510519910554,0.19794706801906456,0.8628362436255944,0.11422093583060958,0.022155594678908,0.09218370507544017,0.24990170528851155,0.20025421800463394,0.2778645291266953
-1.3259999999999998,0.887176773075769,0.1988208836726955,0.8646114057197851,0.11475202034488736,0.02217552633172024,0.09227870429850368,0.25059956952352175,0.20051323899370146,0.2783628900176352
-1.3239999999999998,0.8891129225227651,0.19970147873560773,0.8663954688176665,0.11528806024940391,0.022195493877013507,0.09237389945806704,0.25130133239675884,0.20077293006349486,0.27886303737151397
-1.3219999999999998,0.8910596026895286,0.20058893447144482,0.8681885134651524,0.11582912513452195,0.022215497411822157,0.09246929116072837,0.252007026585216,0.20103329381426885,0.2793649807874687
-1.3199999999999998,0.893016917469451,0.20148333351905576,0.8699906213291551,0.116375285898048,0.022235537033530595,0.0925648800155917,0.2527166851311342,0.2012943328597319,0.27986872993335776
-1.3179999999999998,0.8949849723232959,0.20238475992310762,0.8718018752190183,0.11692661477604095,0.022255612839874893,0.09266066663427948,0.2534303414471052,0.20155604982713332,0.28037429454637525
-1.3159999999999998,0.8969638743114822,0.20329329916554773,0.8736223591084717,0.11748318537449409,0.022275724928944345,0.09275665163094596,0.2541480293212608,0.20181844735735097,0.2808816844336715
-1.3139999999999998,0.898953732127209,0.20420903819794267,0.8754521581581195,0.11804507270192095,0.022295873399183114,0.09285283562229006,0.25486978292255,0.20208152810497934,0.28139090947298134
-1.3119999999999998,0.9009546561304482,0.20513206547472368,0.8772913587384796,0.1186123532028738,0.022316058349391765,0.0929492192275687,0.2555956368061046,0.20234529473841903,0.28190197961325836
-1.3099999999999998,0.9029667583828351,0.20606247098736963,0.8791400484535924,0.11918510479242701,0.022336279878728965,0.09304580306860992,0.25632562591869523,0.20260974993996614,0.28241490487531623
-1.3079999999999998,0.9049901526834808,0.20700034629955757,0.8809983161652089,0.1197634068916574,0.022356538086713017,0.09314258776982648,0.2570597856042802,0.20287489640590292,0.28292969535247725
-1.3059999999999998,0.9070249546057425,0.20794578458331542,0.8828662520175854,0.12034734046415517,0.022376833073223593,0.09323957395822897,0.25779815160964925,0.20314073684658893,0.283446361211227
-1.3039999999999998,0.9090712815349723,0.20889888065620923,0.8847439474628916,0.12093698805360086,0.02239716493850326,0.09333676226343975,0.25854076009016236,0.2034072739865527,0.2839649126918778
-1.3019999999999998,0.9111292527072915,0.20985973101960245,0.8866314952872628,0.12153243382244447,0.02241753378315923,0.09343415331770603,0.2592876476155875,0.2036745105645846,0.284485360109237
-1.2999999999999998,0.9131989892494038,0.21082843389802194,0.888528989637502,0.12213376359172445,0.02243793970816496,0.09353174775591411,0.26003885117603837,0.20394244933383004,0.28500771385328477
-1.2979999999999998,0.9152806142195022,0.21180508927967087,0.8904365260484656,0.1227410648820668,0.02245838281486187,0.09362954621560268,0.26079440818801397,0.20421109306188331,0.28553198438985766
-1.2959999999999998,0.9173742526492856,0.212789798958127,0.8923542014711396,0.12335442695590354,0.022478863204960946,0.09372754933697702,0.2615543565005427,0.2044804445308827,0.2860581822613412
-1.2939999999999998,0.9194800315871382,0.21378266657526898,0.894282114301439,0.12397394086095465,0.022499380980544503,0.09382575776292283,0.26231873440143216,0.20475050653760604,0.2865863180873681
-1.2919999999999998,0.9215980801425008,0.21478379766547367,0.8962203644097473,0.12459969947501716,0.02251993624406783,0.09392417213902023,0.2630875806236277,0.20502128189356655,0.2871164025655258
-1.2899999999999998,0.9237285295314752,0.21579329970112832,0.8981690531712171,0.12523179755210687,0.022540529098360917,0.09402279311355788,0.2638609343516813,0.2052927734251103,0.2876484464720708
-1.2879999999999998,0.9258715131237043,0.2168112821395061,0.9001282834968587,0.12587033177000115,0.022561159646630174,0.09412162133754731,0.26463883522833376,0.2055649839735139,0.28818246066265163
-1.2859999999999998,0.928027166490571,0.2178378564710525,0.9020981598654413,0.12651540077923273,0.02258182799246014,0.0942206574647371,0.2654213233612113,0.205837916395083,0.2887184560730387
-1.2839999999999998,0.9301956274547587,0.2188731362691336,0.9040787883562281,0.12716710525358568,0.022602534239815217,0.09431990215162736,0.26620843932963983,0.20611157356125187,0.28925644371986353
-1.2819999999999998,0.9323770361412218,0.21991723724130016,0.9060702766825777,0.12782554794214798,0.022623278493041427,0.09441935605748417,0.2670002241915797,0.20638595835868345,0.2897964347013648
-1.2799999999999998,0.9345715350296124,0.22097027728212063,0.9080727342264322,0.12849083372297676,0.02264406085686815,0.09451901984435414,0.2677967194906814,0.20666107368937003,0.29033844019814353
-1.278,0.9367792690082147,0.222032376527642,0.9100862720737263,0.1291630696584346,0.0226648814364099,0.09461889417707911,0.26859796726346763,0.20693692247073545,0.29088247147392676
-1.2759999999999998,0.9390003854294394,0.2231036574115392,0.9121110030507418,0.1298423650522584,0.022685740337168074,0.09471897972331095,0.2694040100466419,0.2072135076357375,0.2914285398763388
-1.274,0.9412350341669279,0.2241842447230112,0.9141470417614396,0.13052883150842257,0.02270663766503277,0.09481927715352632,0.27021489088452677,0.207490832132971,0.291976656837682
-1.2719999999999998,0.9434833676743336,0.22527426566649655,0.916194504625804,0.13122258299186568,0.022727573526284538,0.09491978714104181,0.27103065333663634,0.20776889892677267,0.2925268338757258
-1.27,0.9457455410458214,0.22637384992326645,0.9182535099192227,0.13192373589114562,0.022748548027596207,0.09502051036202863,0.271851341485382,0.20804771099732536,0.2930790825945043
-1.2679999999999998,0.9480217120783682,0.22748312971497683,0.9203241778129484,0.13263240908309964,0.02276956127603469,0.09512144749552814,0.2726769999439193,0.20832727134076473,0.2936334146851241
-1.266,0.9503120413359044,0.2286022398692428,0.9224066304156638,0.13334872399957928,0.022790613379062796,0.09522259922346685,0.2735076738641329,0.20860758296928533,0.29418984192657843
-1.2639999999999998,0.9526166922153859,0.22973131788732246,0.9245009918161999,0.13407280469634322,0.022811704444541097,0.09532396623067188,0.2743434089447687,0.2088886489112486,0.2947483761865743
-1.262,0.9549358310148442,0.23087050401398254,0.9266073881274318,0.13480477792418485,0.022832834580729714,0.09542554920488627,0.2751842514397108,0.20917047221129118,0.29530902942236525
-1.2599999999999998,0.9572696270035048,0.23201994130963646,0.9287259475314028,0.13554477320238456,0.022854003896290206,0.09552734883678461,0.2760302481664106,0.2094530559304341,0.2958718136815958
-1.258,0.9596182524940317,0.2331797757248371,0.9308568003257073,0.13629292289457007,0.02287521250028743,0.09562936581998865,0.2768814465144675,0.2097364031461933,0.2964367411031548
-1.2559999999999998,0.9619818829169937,0.23435015617722207,0.9330000789711843,0.13704936228708325,0.02289646050219142,0.09573160085108301,0.2777378944543693,0.21002051695269053,0.2970038239180379
-1.254,0.9643606968976145,0.23553123463100048,0.9351559181409532,0.1378142296699441,0.022917748011879232,0.09583405462963097,0.27859964054638847,0.21030540046076523,0.29757307445022063
-1.252,0.9667548763349114,0.2367231661790903,0.9373244547708529,0.13858766642051923,0.022939075139636878,0.09593672785819056,0.27946673394964716,0.21059105679808765,0.2981445051175412
-1.25,0.9691646064832916,0.23792610912800172,0.9395058281113127,0.1393698170899942,0.022960441996161207,0.09603962124233045,0.2803392244313438,0.21087748910927281,0.29871812843259254
-1.248,0.9715900760367132,0.2391402250855843,0.941700179780721,0.1401608294927651,0.022981848692561858,0.096142735490646,0.28121716237615507,0.21116470055599465,0.29929395700362577
-1.246,0.9740314772154997,0.2403656790517484,0.94390765382033,0.14096085479886114,0.023003295340363113,0.09624607131477586,0.28210059879580873,0.21145269431710229,0.299872003535463
-1.244,0.9764890058559094,0.24160263951228225,0.9461283967507582,0.1417700476295206,0.02302478205150592,0.09634962942941784,0.28298958533883684,0.2117414735887364,0.30045228083042125
-1.242,0.9789628615025643,0.24285127853589047,0.9483625576301357,0.14258856615604507,0.023046308938349757,0.09645341055234585,0.2838841743005097,0.2120310415844466,0.30103480178924624
-1.24,0.9814532475038532,0.24411177187458658,0.9506102881139619,0.14341657220206422,0.023067876113674664,0.09655741540442597,0.2847844186329559,0.21232140153531057,0.3016195794120579
-1.238,0.9839603711104095,0.24538429906757525,0.9528717425167196,0.1442542313493487,0.02308948369068315,0.09666164470963362,0.28569037195547203,0.21261255669005275,0.3022066267993053
-1.236,0.9864844435768002,0.24666904354877203,0.9551470778753204,0.1451017130473149,0.023111131783002226,0.09676609919506986,0.28660208856502817,0.21290451031516536,0.30279595715273444
-1.234,0.9890256802665395,0.24796619275810886,0.9574364540144373,0.14595919072637323,0.023132820504685354,0.09687077959097863,0.2875196234469691,0.21319726569502967,0.3033875837763657
-1.232,0.9915843007605595,0.24927593825678723,0.9597400336137938,0.1468268419152774,0.023154549970214478,0.09697568663076347,0.2884430322859204,0.21349082613203846,0.30398152007748314
-1.23,0.9941605289692751,0.2505984758466419,0.9620579822774763,0.14770484836263978,0.023176320294502024,0.09708082105100493,0.28937237147690076,0.21378519494671958,0.30457777956763527
-1.228,0.9967545932483874,0.25193400569379387,0.9643904686053454,0.1485933961627865,0.023198131592892926,0.09718618359147742,0.2903076981366466,0.21408037547786019,0.30517637586364804
-1.226,0.9993667265185702,0.253282732456772,0.9667376642666168,0.1494926758861338,0.023219983981166665,0.09729177499516686,0.2912490701151525,0.2143763710826325,0.3057773226886479
-1.224,1.0019971663891976,0.25464486541929826,0.9690997440756904,0.15040288271427546,0.023241877575539322,0.0973975960082879,0.29219654600743405,0.21467318513672004,0.306380633873099
-1.222,1.0046461552862767,0.2560206186279367,0.97147688607031,0.15132421657998077,0.02326381249266563,0.09750364738030157,0.293150185165516,0.2149708210344456,0.3069863233558508
-1.22,1.0073139405847573,0.2574102110348195,0.9738692715921381,0.15225688231231238,0.023285788849641054,0.09760992986393292,0.2941100477106522,0.21526928218889957,0.3075944051851989
-1.218,1.0100007747453887,0.25881386664567035,0.9762770853698259,0.1532010897870827,0.023307806764003854,0.09771644421518888,0.2950761945457824,0.2155685720320697,0.3082048935199576
-1.216,1.0127069154563237,0.2602318146733618,0.9787005156046822,0.1541570540828793,0.023329866353737214,0.09782319119337597,0.2960486873682301,0.2158686940149719,0.3088178026305458
-1.214,1.015432625779658,0.2616642896972512,0.981139754059025,0.1551249956429008,0.023351967737271315,0.09793017156111854,0.2970275886826491,0.21616965160778218,0.3094331469000853
-1.212,1.018178174303106,0.2631115318285507,0.9835949961473165,0.15610514044285564,0.023374111033485485,0.09803738608437666,0.298012961814222,0.2164714482999693,0.31005094082551155
-1.21,1.0209438352970435,0.26457378688200983,0.9860664410301921,0.15709772016519127,0.02339629636171029,0.09814483553246468,0.29900487092211747,0.2167740876004293,0.31067119901869894
-1.208,1.0237298888771247,0.2660513065541882,0.9885542917114768,0.1581029723799319,0.02341852384172972,0.09825252067806933,0.3000033810132132,0.21707757303762032,0.31129393620759765
-1.206,1.026536621172724,0.2675443486086257,0.9910587551383111,0.15912114073241887,0.023440793593783316,0.09836044229726829,0.3010085579560886,0.21738190815969888,0.3119191672373856
-1.204,1.0293643245014439,0.26905317706822335,0.9935800423044986,0.16015247513826247,0.02346310573856836,0.09846860116954886,0.30202046849529507,0.2176870965346577,0.3125469070716327
-1.202,1.032213297549954,0.2705780624151694,0.996118368357196,0.16119723198582891,0.023485460397242027,0.09857699807782673,0.3030391802659092,0.2179931417504638,0.31317717079347973
-1.2,1.0350838455614275,0.27211928179876094,0.9986739527070683,0.16225567434660398,0.023507857691423592,0.09868563380846468,0.3040647618083766,0.21830004741519884,0.31380997360683205
-1.198,1.0379762805298736,0.2736771192514924,1.0012470191420473,0.16332807219379233,0.023530297743196656,0.09879450915129173,0.3050972825836516,0.21860781715719946,0.31444533083756526
-1.196,1.0408909214016553,0.2752518659138,1.0038377959448221,0.16441470262952915,0.023552780675111316,0.0989036248996221,0.306136812988641,0.21891645462519974,0.31508325793474784
-1.194,1.043828094284517,0.2768438202678728,1.0064465160142073,0.1655158501211024,0.023575306610186437,0.09901298185027463,0.3071834243719588,0.21922596348847437,0.31572377047187705
-1.192,1.046788132664456,0.2784532883809668,1.0090734169905402,0.16663180674660405,0.02359787567191189,0.09912258080359199,0.3082371890499982,0.21953634743698353,0.31636688414812963
-1.19,1.0497713776307793,0.2800805841586759,1.0117187413852524,0.1677628724504498,0.02362048798425078,0.09923242256346029,0.3092981803233293,0.2198476101815179,0.3170126147896288
-1.188,1.0527781781097256,0.2817260296086474,1.0143827367147868,0.16890935530923382,0.02364314367164174,0.09934250793732856,0.31036647249343036,0.22015975545384642,0.31766097835072443
-1.186,1.0558088911070287,0.2833899551152473,1.017065655639021,0.1700715718084055,0.02366584285900122,0.0994528377362287,0.3114421408797598,0.2204727870068641,0.3183119909152916
-1.184,1.0588638819598373,0.2850726997257193,1.019767756104372,0.17124984713028563,0.023688585671725756,0.09956341277479512,0.31252526183717666,0.22078670861474145,0.318965668698042
-1.182,1.0619435245984181,0.28677461144840305,1.0224893014917702,0.1724445154539662,0.023711372235694292,0.09967423387128505,0.3136159127737198,0.22110152407307546,0.3196220280458525
-1.18,1.06504820181809,0.28849604756361646,1.0252305607696832,0.17365592026766719,0.02373420267727052,0.09978530184759835,0.314714172168752,0.22141723719904138,0.3202810854391109
-1.178,1.0681783055618739,0.2902373749478367,1.0279918086523963,0.1748844146941569,0.023757077123305177,0.09989661752929821,0.3158201195914797,0.22173385183154623,0.3209428574930762
-1.176,1.0713342372143448,0.29199897041185474,1.0307733257637486,0.17613036182987526,0.023779995701138416,0.10000818174563113,0.31693383571985523,0.22205137183138338,0.32160736095925696
-1.174,1.0745164079072327,0.29378122105361626,1.0335753988065453,0.1773941350984361,0.023802958538602186,0.10011999532954781,0.3180554023598739,0.22236980108138832,0.3222746127268052
-1.172,1.0777252388373129,0.2955845246265027,1.0363983207378653,0.17867611861922233,0.02382596576402257,0.10023205911772372,0.3191849024652719,0.2226891434865963,0.3229446298239292
-1.17,1.0809611615971795,0.29740928992385274,1.0392423909505006,0.179976707591828,0.023849017506222196,0.10034437395057992,0.320322420157638,0.2230094029744006,0.32361742941932164
-1.168,1.084224618519528,0.29925593718057114,1.042107915460771,0.18129630869714547,0.023872113894522665,0.10045694067230405,0.32146804074694657,0.22333058349471271,0.32429302882360705
-1.166,1.0875160630355858,0.30112489849272284,1.0449952071029642,0.1826353405159424,0.02389525505874689,0.1005697601308715,0.32262185075252425,0.2236526890201236,0.3249714454908056
-1.164,1.090835960048397,0.3030166182560642,1.0479045857306697,0.18399423396581982,0.02391844112922164,0.1006828331780666,0.3237839379244594,0.22397572354606654,0.3256526970198165
-1.162,1.0941847863216787,0.3049315536245215,1.0508363784252777,0.1853734327574977,0.02394167223677988,0.10079616066950406,0.324954391265466,0.2242996910909812,0.32633680115591834
-1.16,1.0975630308850308,0.30687017498969177,1.0537909197119375,0.1867733938714294,0.02396494851276332,0.10090974346465044,0.3261333010532133,0.22462459569647916,0.3270237757922897
-1.158,1.1009711954562953,0.30883296648249825,1.056768551783258,0.188194588055804,0.023988270089024804,0.101023582426846,0.3273207588631328,0.22495044142751108,0.3277136389715465
-1.156,1.1044097948819513,0.31082042649821817,1.0597696247310826,0.1896375003470618,0.024011637097930878,0.1011376784233264,0.3285168575917132,0.22527723237253497,0.3284064088873008
-1.154,1.1078793575964325,0.3128330682461617,1.0627944967866443,0.1911026306141142,0.024035049672364223,0.1012520323252447,0.32972169148029773,0.22560497264368615,0.3291021038857373
-1.152,1.1113804261013474,0.31487142032537235,1.0658435345694484,0.19259049412753157,0.024058507945726258,0.1013666450076936,0.3309353561393947,0.22593366637694848,0.3298007424672105
-1.15,1.1149135574656108,0.3169360273278017,1.068917113345228,0.19410162215504095,0.024082012051939584,0.10148151734972759,0.3321579485735142,0.22626331773232747,0.33050234328786193
-1.148,1.1184793238475792,0.31902745047050607,1.0720156172933428,0.19563656258475695,0.024105562125450588,0.10159665023438541,0.33338956720654633,0.2265939308940245,0.3312069251612569
-1.146,1.1220783130403205,0.32114626825851317,1.075139439783995,0.19719588057765872,0.024129158301231975,0.10171204454871283,0.3346303119076908,0.2269255100706127,0.3319145070600427
-1.144,1.1257111290412405,0.3232930771801123,1.0782889836656584,0.19878015925091932,0.024152800714785382,0.10182770118378505,0.3358802840179566,0.22725805949521427,0.33262510811762747
-1.142,1.1293783926473504,0.32546849243644055,1.0814646615631338,0.2003900003937956,0.024176489502143943,0.10194362103472997,0.3371395863772419,0.2275915834256796,0.33333874762987986
-1.14,1.1330807420775382,0.3276731487073583,1.0846668961866541,0.2020260252178956,0.02420022479987491,0.10205980500075086,0.33840832335201254,0.22792608614476767,0.3340554450568509
-1.138,1.1368188336232847,0.32990770095574,1.0878961206524747,0.2036888751437552,0.02422400674508224,0.10217625398514998,0.33968660086359204,0.22826157196032834,0.3347752200245176
-1.136,1.1405933423293775,0.3321728252724561,1.091152778815421,0.2053792126257823,0.024247835475409315,0.10229296889535165,0.3409745264170794,0.22859804520548574,0.3354980923265478
-1.134,1.1444049627062318,0.3344692197644648,1.0944373256138527,0.20709772201775903,0.024271711129041505,0.10240995064292586,0.3422722091309136,0.22893551023882394,0.3362240819260891
-1.132,1.1482544094755716,0.33679760548861054,1.0977502274275472,0.208845110481236,0.024295633844708904,0.10252720014361197,0.34357975976709565,0.22927397144457362,0.33695320895757946
-1.13,1.1521424183512994,0.3391587274338943,1.1010919624490054,0.2106221089393073,0.024319603761688995,0.10264471831734269,0.34489729076209263,0.2296134332328009,0.33768549372858103
-1.128,1.1560697468575227,0.3415533555551817,1.1044630210687056,0.21242947307842056,0.024343621019809338,0.10276250608826783,0.3462249162584355,0.22995390003959726,0.33842095672163813
-1.126,1.1600371751858123,0.34398228586151586,1.107863906274848,0.21426798440105282,0.024367685759450305,0.10288056438477874,0.34756275213703197,0.23029537632727187,0.3391596185961589
-1.1239999999999999,1.164045507093921,0.34644634156243337,1.111295134068151,0.21613845133227674,0.02439179812154782,0.10299889413953253,0.3489109160502133,0.23063786658454483,0.33990150019032067
-1.1219999999999999,1.1680955708483132,0.348946374275915,1.1147572338922676,0.2180417103834449,0.02441595824759608,0.1031174962894766,0.3502695274555324,0.2309813753267431,0.34064662252300054
-1.1199999999999999,1.1721882202130336,0.35148326530187385,1.118250749080425,0.21997862737644386,0.02444016627965037,0.1032363717758733,0.3516387076503353,0.23132590709599674,0.34139500679573054
-1.1179999999999999,1.176324335487577,0.3540579269653566,1.1217762373188709,0.22195009873220842,0.02446442236032979,0.103355521544325,0.35301857980712503,0.23167146646143877,0.3421466743946784
-1.1159999999999999,1.1805048245966454,0.35667130403394953,1.125334271127774,0.22395705282744222,0.024488726632820125,0.10347494654479876,0.35440926900974085,0.2320180580194047,0.3429016468926539
-1.1139999999999999,1.1847306242348137,0.35932437521420135,1.1289254383601846,0.22600045142377106,0.024513079240876555,0.1035946477316518,0.35581090229037216,0.23236568639363583,0.3436599460511417
-1.1119999999999999,1.1890027010693764,0.36201815473224264,1.1325503427197112,0.2280812911738547,0.024537480328826636,0.10371462606365683,0.35722360866743225,0.23271435623548284,0.3444215938223594
-1.1099999999999999,1.1933220530048472,0.36475369400416285,1.1362096042975613,0.23020060520930466,0.024561930041572994,0.10383488250402756,0.3586475191843127,0.2330640722241123,0.3451866123513447
-1.1079999999999999,1.197689710512815,0.36753208340213284,1.1399038601295979,0.23235946481561082,0.02458642852459631,0.10395541802044439,0.36008276694904434,0.23341483906671412,0.34595502397806754
-1.1059999999999999,1.2021067380311385,0.37035445412271406,1.1436337647740777,0.23455898119965088,0.02461097592395816,0.10407623358508047,0.3615294871748878,0.23376666149871148,0.3467268512395718
-1.1039999999999999,1.206574235436709,0.37322198016429325,1.147399990910721,0.23680030735577434,0.02463557238630391,0.10419733017462766,0.3629878172218801,0.23411954428397247,0.34750211687214416
-1.1019999999999999,1.2110933395963277,0.37613588042112167,1.1512032299617707,0.2390846400368898,0.02466021805886565,0.10431870877032288,0.3644578966393634,0.23447349221502348,0.3482808438135119
-1.0999999999999999,1.215665226000552,0.3790974209020244,1.155044192735675,0.2414132218374693,0.02468491308946512,0.10444037035797442,0.3659398672095217,0.2348285101132649,0.34906305520506925
-1.0979999999999999,1.2202911104857213,0.38210791708248265,1.1589236100940223,0.243787343395902,0.024709657626516664,0.1045623159279889,0.3674338729919552,0.23518460282918813,0.3498487743941348
-1.0959999999999999,1.2249722510497265,0.3851687363994877,1.1628422336423183,0.24620834572419695,0.024734451819030247,0.10468454647539763,0.3689400603693194,0.23554177524259529,0.35063802493623597
-1.0939999999999999,1.2297099497675066,0.38828130089932383,1.166800836445163,0.2486776226736461,0.024759295816614357,0.10480706299988415,0.37045857809406013,0.23590003226282036,0.35143083059742725
-1.0919999999999999,1.234505554812687,0.39144709004926365,1.1708002137663556,0.2511966235457285,0.024784189769479107,0.10492986650581093,0.37198957733627325,0.23625937882895248,0.3522272153566365
-1.0899999999999999,1.2393604625922274,0.3946676437250576,1.1748411838343644,0.2537668558582592,0.024809133828439186,0.10505295800224727,0.37353321173272225,0.23661981991006145,0.353027203408044
-1.0879999999999999,1.2442761200014762,0.3979445653870922,1.1789245886335589,0.25638988827757664,0.02483412814491696,0.10517633850299636,0.3750896374370452,0.23698136050542512,0.3538308191634936
-1.0859999999999999,1.2492540268075643,0.4012795254591611,1.1830512947214862,0.2590673537284208,0.0248591728709455,0.10530000902662362,0.37665901317118566,0.23734400564475863,0.35463808725493495
-1.0839999999999999,1.2542957381696602,0.4046742649249714,1.1872221940723677,0.261800952694091,0.02488426815917167,0.10542397059648408,0.37824150027808084,0.2377077603884466,0.3554490325368998
-1.0819999999999999,1.2594028673052735,0.4081305991588059,1.1914382049468697,0.2645924567204899,0.024909414162859262,0.10554822424075122,0.3798372627756444,0.23807262982777588,0.35626368008901066
-1.0799999999999998,1.2645770883124638,0.4116504220081637,1.1957002727880135,0.26744371213877877,0.024934611035892056,0.10567277099244467,0.38144646741207855,0.2384386190851723,0.357082055218524
-1.0779999999999998,1.269820139158585,0.41523571014775823,1.2000093711429154,0.2703566440225794,0.02495985893277699,0.1057976118894593,0.383069283722558,0.23880573331443813,0.3579041834629079
-1.0759999999999998,1.2751338248470154,0.4188885277259504,1.2043665026098014,0.27333326039699135,0.02498515800864734,0.1059227479745938,0.38470588408731876,0.2391739777009922,0.358730090592454
-1.0739999999999998,1.2805200207742036,0.4226110313265642,1.2087726998094657,0.2763756567181445,0.02501050841926586,0.10604818029557965,0.38635644379119843,0.2395433574621126,0.35955980261292536
-1.0719999999999998,1.2859806762903374,0.4264054752710835,1.2132290263800134,0.27948602064359873,0.025035910321027983,0.10617390990511029,0.38802114108466673,0.239913877847181,0.3603933457682406
-1.0699999999999998,1.291517818477983,0.4302742172884895,1.2177365779933302,0.2826666371156458,0.025061363870965057,0.10629993786087066,0.3897001572463908,0.24028554413792974,0.36123074654319437
-1.0679999999999998,1.2971335561641935,0.4342197245824883,1.222296483391274,0.28591989378147875,0.02508686922674756,0.10642626522556661,0.3913936766473793,0.24065836164869064,0.36207203166621443
-1.0659999999999998,1.3028300841828204,0.4382445803286195,1.226909905439029,0.28924828677629283,0.025112426546688365,0.10655289306695488,0.3931018868167533,0.2410323357266466,0.3629172281121585
-1.0639999999999998,1.3086096879051068,0.44235149063676155,1.231578042192429,0.29265442689768323,0.025138035989746014,0.10667982245787302,0.39482497850918963,0.24140747175208546,0.36376636310514626
-1.0619999999999998,1.314474748058127,0.44654329201789555,1.236302127975317,0.2961410462022385,0.025163697715528,0.10680705447626977,0.396563145774088,0.241783775138656,0.3646194641214345
-1.0599999999999998,1.320427745852213,0.4508229593976762,1.2410834344621144,0.2997110050580128,0.025189411884294112,0.1069345902052352,0.3983165860265131,0.2421612513336264,0.3654765588923278
-1.0579999999999998,1.3264712684402735,0.45519361472344894,1.2459232717597615,0.3033672996896248,0.025215178656959724,0.1070624307330319,0.4000855001199628,0.24253990581814508,0.36633767540713236
-1.0559999999999998,1.3326080147337966,0.45965853621587444,1.2508229894819771,0.3071130702561164,0.025240998195099222,0.10719057715312538,0.40187009242101795,0.24291974410750405,0.3672028419161499
-1.0539999999999998,1.3388408016023965,0.4642211683213317,1.2557839778073798,0.3109516095054255,0.025266870660949278,0.10731903056421549,0.40367057088593333,0.24330077175140483,0.3680720869337121
-1.0519999999999998,1.3451725704860251,0.4688851324268398,1.2608076685113576,0.3148863720534475,0.025292796217412372,0.10744779207026763,0.4054871471392226,0.2436829943342265,0.36894543924125933
-1.0499999999999998,1.3516063944514218,0.4736542384054063,1.265895535959649,0.31892098434020655,0.025318775028060066,0.1075768627805444,0.4073200365543021,0.24406641747529648,0.3698229278904605
-1.048,1.3581454857270743,0.4785324970665846,1.2710490980493434,0.32305925532068924,0.025344807257136583,0.10770624380963728,0.4091694583362553,0.24445104682916388,0.3707045822063776
-1.0459999999999998,1.3647932037538646,0.4835241335946522,1.276269917080348,0.3273051879534631,0.02537089306956219,0.10783593627749884,0.4110356356067815,0.24483688808587548,0.3715904317906742
-1.044,1.3715530637917723,0.48863360206532197,1.2815596005372776,0.3316629915563636,0.02539703263093668,0.10796594130947477,0.41291879549139543,0.24522394697125371,0.3724805065248686
-1.0419999999999998,1.3784287461265268,0.4938656011414129,1.2869198017581283,0.3361370951054056,0.025423226107542916,0.10809626003633656,0.41481916920895173,0.24561222924717863,0.37337483657363457
-1.04,1.3854241059238184,0.4992250910584308,1.2923522204617877,0.3407321615606286,0.025449473666350295,0.10822689359431409,0.41673699216355675,0.24600174071187023,0.3742734523881454
-1.0379999999999998,1.392543183782914,0.504717312022898,1.2978586031015225,0.34545310331108514,0.025475775475018374,0.10835784312512871,0.4186725040389543,0.24639248720017648,0.37517638470946973
-1.036,1.3997902170459402,0.5103478041594082,1.303440743005677,0.3503050988405158,0.025502131701900348,0.10848910977602623,0.4206259488954492,0.24678447458386088,0.3760836645720103
-1.0339999999999998,1.4071696519241104,0.516122429157256,1.3091004802600277,0.35529361072576776,0.025528542516046734,0.10862069469981067,0.4225975752694613,0.2471777087718957,0.3769953233069965
-1.032,1.4146861565074187,0.5220473937839694,1.3148397012781057,0.36042440509160956,0.025555008087208914,0.10875259905487777,0.42458763627577906,0.2475721957107553,0.3779113925460227
-1.0299999999999998,1.4223446347302617,0.528129275451738,1.320660337996407,0.36570357265865133,0.0255815285858428,0.10888482400524878,0.42659638971261205,0.24796794138471473,0.37883190422464086
-1.028,1.4301502413716503,0.534375050043501,1.3265643666201785,0.3711375515355275,0.02560810418311248,0.10901737072060493,0.4286240981695166,0.24836495181614876,0.3797568905859999
-1.0259999999999998,1.4381083981756586,0.5407921222289676,1.332553805832413,0.3767331519227817,0.025634735050893937,0.10915024037632161,0.4306710291383012,0.24876323306583603,0.3806863841845421
-1.024,1.446224811185071,0.5473883585271037,1.3386307143631129,0.3824975829139567,0.02566142136177868,0.10928343415350317,0.43273745512699074,0.24916279123326443,0.38162041788974915
-1.0219999999999998,1.4545054893893123,0.5541721234013516,1.3447971877976546,0.38843848159977434,0.025688163289077564,0.10941695323901789,0.43482365377696486,0.2495636324569401,0.3825590248899442
-1.02,1.4629567647963153,0.5611523187071803,1.3510553544813981,0.394563944703952,0.025714961006824466,0.10955079882553298,0.43692990798335557,0.24996576291469946,0.38350223869614664
-1.0179999999999998,1.4715853140473303,0.568338426849283,1.3574073703521214,0.4008825630047962,0.02574181468978009,0.10968497211155029,0.439056506018825,0.250369188824024,0.38445009314598594
-1.016,1.4803981817035263,0.5757405580481612,1.3638554125014495,0.4074034588252476,0.025768724513435752,0.10981947430144172,0.4412037416608211,0.2507739164423579,0.38540262240766837
-1.0139999999999998,1.489402805343876,0.5833695021638798,1.3704016712304732,0.4141363269062841,0.02579569065401723,0.10995430660548541,0.44337191432243467,0.2511799520674295,0.3863598609840053
-1.012,1.4986070426248297,0.5912367855788888,1.3770483403218208,0.4210914790146141,0.025822713288488584,0.11008947023990191,0.4455613291869658,0.2515873020375748,0.38732184371649636
-1.0099999999999998,1.5080192004640556,0.599354733703143,1.3837976051995047,0.42827989267630306,0.02584979259455603,0.11022496642689068,0.44777229734633356,0.25199597273206487,0.38828860578947627
-1.008,1.5176480665224286,0.6077365397339458,1.3906516285869281,0.4357132644735615,0.025876928750671834,0.11036079639466671,0.4500051359434415,0.25240597057143604,0.3892601827343182
-1.0059999999999998,1.527502943170833,0.6163963403813746,1.3976125332008171,0.4434040683934389,0.025904121936038246,0.11049696137749784,0.45226016831864874,0.25281730201782376,0.39023661043370267
-1.004,1.53759368414041,0.6253492993586885,1.4046823809317452,0.45136561977494133,0.025931372330611432,0.11063346261574182,0.45453772416046273,0.25322997357529875,0.3912179251259459
-1.0019999999999998,1.5479307340667798,0.6346116995374739,1.411863147857709,0.45961214546634915,0.025958680115105427,0.11077030135588413,0.4568381396606152,0.25364399179020763,0.39220416340939557
-0.9999999999999999,1.5585251711494739,0.644201044780555,1.4191566943118503,0.4681588608777431,0.025986045470996158,0.1109074788505755,0.4591617576736509,0.2540593632515155,0.3931953622468873
-0.9979999999999999,1.56938875315705,0.6541361725938815,1.4265647290747334,0.47702205469638415,0.02601346858052545,0.11104499635867052,0.4615089278811978,0.25447609459115383,0.39419155897027147
-0.9959999999999999,1.5805339670147849,0.6644373788831494,1.4340887665798039,0.48621918212529586,0.026040949626705067,0.11118285514526566,0.4638800069610642,0.25489419248436884,0.3951927912850042
-0.9939999999999999,1.591974082214386,0.6751265562639581,1.4417300758011204,0.49576896760973227,0.026068488793320774,0.11132105648173823,0.4662753587613355,0.25531366365007646,0.3961990972748074
-0.9919999999999999,1.6037232082818715,0.6862273475576359,1.4494896192266817,0.5056915181331301,0.026096086264936483,0.11145960164578529,0.4686953544796399,0.25573451485121823,0.3972105154063997
-0.9899999999999999,1.6157963565283424,0.6977653163105124,1.4573679799983106,0.516008448295092,0.026123742226898294,0.11159849192146296,0.47114037284775806,0.25615675289512263,0.3982270845342964
-0.9879999999999999,1.6282095062855968,0.709768136404254,1.4653652749072565,0.526743018530136,0.026151456865338693,0.11173772859922605,0.47361080032176606,0.2565803846338681,0.3992488439056821
-0.9859999999999999,1.6409796757901376,0.722265803080321,1.4734810504574003,0.5379202879885695,0.026179230367180745,0.11187731297596784,0.47610703127789905,0.25700541696465135,0.40027583316535725
-0.9839999999999999,1.6541249978194843,0.7352908679838028,1.4817141586253857,0.5495672837808735,0.02620706292014224,0.1120172463550605,0.4786294682143387,0.25743185683015785,0.40130809236075765
-0.982,1.6676648000963439,0.748878701140621,1.4900626082344042,0.561713188485011,0.02623495471273997,0.1121575300463952,0.48117852195912836,0.2578597112189374,0.40234566194705107
-0.98,1.6816196903490417,0.7630677831158756,1.4985233869847443,0.5743895480320045,0.02626290593429395,0.11229816536642337,0.48375461188443586,0.2582889871657821,0.4033885827923112
-0.978,1.6960116457375543,0.7779000309556856,1.507092248111094,0.5876305023178553,0.02629091677493175,0.11243915363819726,0.4863581661273819,0.2587196917521089,0.404436896182768
-0.976,1.7108641061059136,0.7934211618824242,1.51576345431559,0.6014730411366793,0.026318987425592695,0.1125804961914119,0.48898962181767475,0.2591518321063453,0.40549064382814165
-0.974,1.7262020701800906,0.8096810990799501,1.5245294699961411,0.6159572882856003,0.02634711807803237,0.11272219436244632,0.4916494253122854,0.2595854154043198,0.40654986786705344
-0.972,1.7420521933649777,0.8267344242494598,1.5333805907760292,0.6311268169477567,0.026375308924826826,0.11286424949440607,0.4943380324374242,0.2600204488696553,0.40761461087252315
-0.97,1.758442885162794,0.8446408819033082,1.5423044968478996,0.647028999701687,0.02640356015937708,0.113006662937165,0.4970559087380718,0.26045693977416684,0.4086849158575484
-0.968,1.7754044033833398,0.8634659405414735,1.5512857135543348,0.6637153967116401,0.026431871975913457,0.11314943604740847,0.4998035297353473,0.2608948954382634,0.40976082628077054
-0.966,1.792968941169768,0.8832814158448294,1.5603049587893365,0.6812421857912903,0.026460244569500108,0.11329257018867604,0.5025813811919897,0.2613343232313535,0.4108423860522278
-0.964,1.8111707013233236,0.9041661607051763,1.569338352034921,0.699670638054174,0.026488678136039466,0.11343606673140483,0.5053899593862531,0.2617752305722548,0.41192963953919715
-0.962,1.830045950344783,0.9262068261244206,1.578356453914599,0.719067642696469,0.02651717287227673,0.11357992705297322,0.508229771394523,0.2622176249296085,0.41302263157212615
-0.96,1.8496330418416864,0.9494986955064202,1.5873230977668462,0.7395062839973506,0.026545728975804414,0.1137241525377449,0.5111013353829729,0.26266151382229647,0.41412140745065784
-0.958,1.8699723952420082,0.9741465922762728,1.5961939655704935,0.7610664727184946,0.026574346645066936,0.11386874457711293,0.5140051809085988,0.26310690481986443,0.41522601294974815
-0.956,1.891106410788209,1.0002658565742437,1.6049148491730199,0.7838356325204888,0.02660302607936519,0.11401370456954467,0.5169418492299742,0.26355380554294755,0.4163364943258795
-0.954,1.9130792951345938,1.0279833802385308,1.6134195236906113,0.8079094394790337,0.026631767478861184,0.11415903392062661,0.5199118936280953,0.2640022236637018,0.41745289832337135
-0.952,1.935936762965415,1.0574386793404813,1.6216271426057436,0.833392608833468,0.02666057104458267,0.11430473404310978,0.5229158797376876,0.26445216690623935,0.41857527218078944
-0.95,1.9597255681303762,1.0887849686331528,1.629439042880227,0.8603997171013823,0.026689436978427863,0.11445080635695536,0.5259543858893728,0.2649036430470669,0.4197036636374555
-0.948,1.9844928018477075,1.1221901802308587,1.6367348227427672,0.8890560387472612,0.02671836548317014,0.11459725228938085,0.5290280034631041,0.2653566599155311,0.42083812094006046
-0.946,2.010284874219751,1.1578378365461723,1.6433675242558494,0.9194983634296544,0.0267473567624628,0.1147440732749062,0.532137337253299,0.2658112253942661,0.4219786928493807
-0.944,2.0371460669017254,1.1959276405864585,1.649157717252803,0.9518757406829376,0.026776411020843802,0.1148912707554009,0.5352830058461161,0.2662673474196471,0.4231254286471017
-0.942,2.065116507024768,1.2366755790165953,1.6538862415082087,0.986350071219073,0.026805528463740635,0.11503884618013073,0.5384656420093406,0.266725033982248,0.4242783781427489
-0.94,2.0942293625939676,1.280313236439399,1.6572853223717416,1.0230964244059615,0.026834709297475105,0.11518680100580551,0.541685893095366,0.26718429312730346,0.4254375916807305
-0.938,2.124506994173689,1.3270858815915556,1.6590277367100548,1.0623029051739088,0.026863953729268236,0.11533513669662677,0.544944421457778,0.26764513295517645,0.42660312014749036
-0.9359999999999999,2.15595571290484,1.377248692318982,1.658713680992796,1.1041698143057521,0.026893261967245164,0.11548385472433599,0.548241904882069,0.2681075616218299,0.427775014978777
-0.9339999999999999,2.1885586869559646,1.4310602168520736,1.6558550002925108,1.1489077355786008,0.02692263422044008,0.11563295656826304,0.5515790370310366,0.2685715873393033,0.4289533281670284
-0.9319999999999999,2.2222664046897487,1.4887718009968285,1.649856508296816,1.196734031395441,0.026952070698801185,0.11578244371537548,0.5549565279054408,0.2690372183761947,0.4301381122688755
-0.9299999999999999,2.2569839438280552,1.5506112204982248,1.6399943187592596,1.2478670238225147,0.0269815716131957,0.11593231766032748,0.5583751043205238,0.269504463058147,0.43132942041276634
-0.9279999999999999,2.29255412023078,1.6167581278715937,1.6253915067294604,1.3025168693120315,0.0270111371754149,0.11608257990550976,0.5618355103990195,0.2699733297683397,0.43252730630671404
-0.9259999999999999,2.3287354218707166,1.6873081600730666,1.604992161359745,1.360871797072289,0.027040767598179194,0.11623323196109957,0.5653385080813074,0.27044382694798563,0.4337318242461699
-0.9239999999999999,2.365173526917891,1.762221722140008,1.5775361848309915,1.4230779825041784,0.027070463095143174,0.11638427534511141,0.568884877653402,0.2709159630968326,0.4349430291220237
-0.9219999999999999,2.401365264387315,1.8412527480465213,1.541539312121845,1.4892109120859425,0.02710022388090083,0.11653571158344747,0.5724754182934874,0.27138974677367067,0.43616097642873464
-0.9199999999999999,2.4366142886789293,1.92385255581385,1.49528610482504,1.5592357758677045,0.027130050170990638,0.11668754220994937,0.5761109486377514,0.2718651865968445,0.43738572227259603
-0.9179999999999999,2.4699788122101887,2.0090450540719185,1.4368483926554034,1.6329544295197895,0.027159942181900817,0.11683976876644951,0.5797923073662974,0.2723422912447706,0.43861732338013354
-0.9159999999999999,2.500213925835757,2.095273379699323,1.3641477703190459,1.7099372202458962,0.02718990013107454,0.11699239280282331,0.5835203538099564,0.2728210694564609,0.43985583710664117
-0.9139999999999999,2.5257149024409564,2.1802265622648656,1.2750874109672075,1.7894401431461537,0.027219924236915206,0.11714541587704155,0.5872959685788508,0.2733015300320506,0.4411013214448597
-0.9119999999999999,2.544473921381668,2.260670378420566,1.1677829321938293,1.8703122961114786,0.02725001471879175,0.11729883955522355,0.5911200542136081,0.2737836818333331,0.44235383503379594
-0.9099999999999999,2.5540707993801877,2.3323305846845943,1.040918676934644,1.9509063188556401,0.027280171797044013,0.1174526654116901,0.5949935358601569,0.27426753378429874,0.4436134371676887
-0.9079999999999999,2.551726982925409,2.3899066145302754,0.8942354104004424,2.029015547614456,0.027310395692988033,0.11760689502901744,0.5989173619690867,0.2747530948716804,0.4448801878051235
-0.9059999999999999,2.5344568979074475,2.427318165205682,0.7291078741950073,2.1018738974665454,0.027340686628921577,0.11776152999809145,0.6028925050205943,0.27524037414550473,0.44615414757829824
-0.9039999999999999,2.4993440355773826,2.4382816406896355,0.5490931149195887,2.1662619608386953,0.027371044828129482,0.11791657191816197,0.6069199622760919,0.27572938071964864,0.4474353778024441
-0.9019999999999999,2.4439419483277702,2.4172457935135747,0.3602430020653645,2.2187551736532436,0.027401470514889212,0.11807202239689807,0.6110007565575922,0.2762201237724024,0.4487239404854029
-0.8999999999999999,2.3667497364311996,2.3605691239333235,0.170931933908839,2.2561167900828956,0.027431963914476335,0.11822788305044345,0.6151359370560548,0.2767126125470376,0.45001989833736494
-0.8979999999999999,2.2676514206261094,2.267633673312663,-0.00897157322499446,2.2757799425698693,0.02746252525317011,0.11838415550347207,0.6193265801699147,0.27720685635238257,0.4513233147807714
-0.8959999999999999,2.1481732027418845,2.14147326757633,-0.16952980043131638,2.276300987776327,0.027493154758259065,0.11854084138924491,0.6235737903750872,0.2777028645634026,0.4526342539603821
-0.8939999999999999,2.011440166954652,1.9885792644987688,-0.30239717929255794,2.257640777342984,0.02752385265804665,0.11869794234966632,0.6278787011277951,0.27820064662178706,0.45395278075351436
-0.8919999999999999,1.8618112989914415,1.8178540399374086,-0.4021790677489833,2.2211725425954127,0.027554619181856876,0.1188554600353416,0.6322424758016348,0.2787002120365425,0.45527896078045454
-0.8899999999999999,1.7042935850923593,1.639050212115685,-0.46704499392509824,2.1694134321074876,0.027585454560040037,0.11901339610563429,0.6366663086603576,0.27920157038459237,0.45661286041504584
-0.8879999999999999,1.5439117775214561,1.4612250802307856,-0.4984825389860676,2.105576818422332,0.027616359023978486,0.11917175222872473,0.6411514258679227,0.2797047313113825,0.4579545467954581
-0.8859999999999999,1.3852007587019968,1.2916490509812055,-0.5004236914934563,2.0330883222292324,0.027647332806092394,0.1193305300816683,0.6456990865374459,0.28020970453149363,0.4593040878351391
-0.8839999999999999,1.2319124607839975,1.1353376181969648,-0.47813889586785036,1.955186038546778,0.027678376139845546,0.11948973135045475,0.6503105838207504,0.2807164998292606,0.4606615522339553
-0.8819999999999999,1.0869427388701887,0.9951199691619017,-0.4372422264121375,1.874664235918271,0.027709489259751283,0.11964935773006755,0.6549872460403054,0.2812251270593976,0.4620270094895217
-0.8799999999999999,0.9524274375941945,0.8720310907312552,-0.38298799025596186,1.7937603693380024,0.02774067240137831,0.11980941092454403,0.6597304378654302,0.28173559614763044,0.46340052990872815
-0.8779999999999999,0.8299404484224483,0.7658168968253392,-0.3198837733684881,1.7141506180960044,0.027771925801356744,0.11996989264703584,0.6645415615347258,0.28224791709133606,0.46478218461946424
-0.8759999999999999,0.7207350038088011,0.6754101343685078,-0.25155535396327117,1.6370103804064917,0.027803249697383986,0.12013080461986991,0.6694220581268003,0.28276209996018786,0.4661720455825461
-0.8739999999999999,0.6259801945031255,0.5993098034707248,-0.18077323743865387,1.5631031136914175,0.027834644328230844,0.12029214857460983,0.6743734088814469,0.2832781548968095,0.4675701856038511
-0.8719999999999999,0.5469362067359289,0.5358500988573064,-0.10956224620416376,1.4928731269897728,0.02786610993374753,0.12045392625211818,0.6793971365735462,0.2837960921174345,0.46897667834666285
-0.8699999999999999,0.48497092805201475,0.48337270596185483,-0.039339905779585724,1.4265291253740093,0.027897646754869828,0.12061613940261842,0.6844948069420745,0.2843159219125733,0.47039159834423155
-0.8679999999999999,0.441276270543133,0.4403257615199645,0.02894772333568999,1.364113211891593,0.02792925503362514,0.12077878978575854,0.6896680301767146,0.28483765464768795,0.4718150210125549
-0.8659999999999999,0.4162302116081486,0.40531230539330143,0.09470757177824442,1.3055547067194309,0.02796093501313882,0.12094187917067384,0.6949184624646939,0.2853613007638741,0.47324702266338153
-0.8639999999999999,0.4087152312399445,0.3771066037368245,0.1576031397707513,1.2507104159070441,0.027992686937640267,0.12110540933605152,0.7002478076006027,0.28588687077855013,0.474687680517444
-0.8619999999999999,0.4160229474259525,0.35465160217545644,0.21747950215907394,1.1993937911615764,0.028024511052469288,0.12126938207019475,0.7056578186620789,0.28641437528615366,0.4761370727179254
-0.8599999999999999,0.4345624068393083,0.33704637393198994,0.27430681226916276,1.1513954552821197,0.028056407604082383,0.12143379917108812,0.7111502997543986,0.286943824958846,0.47759527834416315
-0.8579999999999999,0.460810307895986,0.3235291342239584,0.32813874987798886,1.106497257896061,0.028088376840059114,0.12159866244646265,0.7167271078271522,0.28747523054722496,0.47906237742559643
-0.8559999999999999,0.49189449464109425,0.31345911663480563,0.37908254517551304,1.0644816125703684,0.02812041900910848,0.1217639737138625,0.7223901545663541,0.2880086028810439,0.4805384509559608
-0.8539999999999999,0.5257236931124322,0.3062991236757063,0.42727771804210574,1.0251374654029286,0.028152534361075406,0.12192973480071116,0.7281414083654952,0.28854395286994017,0.48202358090773695
-0.8519999999999999,0.5608734415741687,0.3015996420236745,0.47288124660895975,0.9882639032047654,0.02818472314694723,0.12209594754437887,0.7339828963792283,0.2890812915041705,0.4835178502468566
-0.8499999999999999,0.5964119356455504,0.2989848664378515,0.5160574063237657,0.9536721370721155,0.028216985618860217,0.12226261379225009,0.7399167066635547,0.2896206298553559,0.48502134294767296
-0.8479999999999999,0.6317471878290156,0.298140669691711,0.5569709601098136,0.9211863892534007,0.02824932203010611,0.12242973540179217,0.7459449904065841,0.290161979077233,0.48653414400819955
-0.8459999999999999,0.666514159948423,0.2988043968400751,0.5957827270413191,0.8906440568467564,0.02828173263513888,0.12259731424062373,0.7520699642541329,0.290705350406415,0.48805633946562405
-0.8439999999999999,0.7004972144144597,0.3007562907356147,0.6326468216828184,0.8618954134306304,0.02831421768958122,0.12276535218658456,0.758293912734648,0.29125075516316096,0.4895880164121029
-0.8419999999999999,0.7335784313691477,0.30381233412126807,0.6677090538593934,0.8348030289851944,0.028346777450231436,0.1229338511278051,0.7646191907881653,0.2917982047521529,0.49112926301084153
-0.8399999999999999,0.7657035340401286,0.30781829873895555,0.7011061239234738,0.809241031098891,0.028379412175070083,0.1231028129627773,0.771048226404245,0.2923477106632826,0.4926801685124673
-0.8379999999999999,0.7968594529655542,0.3126448099848997,0.7329653542767682,0.7850942900628124,0.028412122123266863,0.12327223960042566,0.7775835233740777,0.29289928447244623,0.4942408232717014
-0.8359999999999999,0.8270595114368042,0.3181832588285171,0.7634047741921387,0.7622575822404939,0.028444907555187422,0.123442132960179,0.7842276641622099,0.2934529378423484,0.4958113187643342
-0.8339999999999999,0.8563336034957268,0.3243424166748713,0.7925334297185709,0.7406347665465344,0.028477768732400287,0.12361249497204267,0.7909833129036083,0.2940086825233152,0.49739174760451416
-0.8319999999999999,0.8847216594277467,0.3310456313850613,0.820451829543607,0.7201379954323796,0.02851070591768383,0.12378332757667157,0.7978532185320709,0.29456653035411606,0.4989822035623514
-0.8299999999999998,0.9122692915905829,0.3382285027932588,0.847252465489133,0.7006869726415008,0.028543719375033236,0.12395463272544341,0.8048402180462777,0.29512649326279516,0.5005827815818485
-0.8279999999999998,0.9390248973565023,0.3458369534743316,0.8730203660092831,0.6822082638647906,0.028576809369667576,0.12412641238053324,0.8119472399200993,0.2956885832675126,0.502193577799163
-0.8259999999999998,0.9650377428182834,0.35382562528297146,0.8978336549477979,0.6646346623847511,0.028609976168036923,0.1242986685149878,0.8191773076640858,0.29625281247739355,0.5038146895612052
-0.8239999999999998,0.9903567106334549,0.36215654453759616,0.921764097557127,0.6479046091988465,0.02864322003782946,0.12447140311280117,0.8265335435454072,0.2968191930933888,0.505446215444587
-0.822,1.0150294996167564,0.370798008960111,0.944877622575252,0.6319616655053518,0.028676541247978714,0.12464461816899038,0.8340191724738626,0.2973877374091442,0.5070882552749191
-0.82,1.039102132376458,0.37972365791540474,0.9672348138526893,0.6167540345021036,0.028709940068670788,0.12481831568967257,0.8416375260619351,0.2979584578118797,0.5087409101464734
-0.818,1.062618673002952,0.38891169441209256,0.9888913682321584,0.6022341289687272,0.028743416771351685,0.12499249769214162,0.8493920468672445,0.29853136678327935,0.5104042824422106
-0.816,1.0856210875388428,0.39834423298635224,1.0098985185430933,0.5883581809224455,0.028776971628734608,0.12516716620494656,0.8572862928261481,0.29910647690039,0.5120784758541875
-0.814,1.108149200796228,0.40800675221566807,1.0303034219936091,0.5750858896503928,0.028810604914807445,0.12534232326796985,0.8653239418876268,0.29968380083653184,0.5137635954043485
-0.8119999999999999,1.1302407173400153,0.4178876343862778,1.0501495151454923,0.5623801045543746,0.028844316904840118,0.12551797093250674,0.8735087968570194,0.3002633513622184,0.5154597474657092
-0.8099999999999999,1.1519312842809937,0.42797777792289177,1.0694768372009948,0.5502065394475985,0.0288781078753922,0.1256941112613449,0.8818447904595812,0.30084514134608686,0.5171670397839438
-0.8079999999999999,1.173254580340664,0.4382702707101749,1.0883223236256698,0.5385335151835178,0.028911978104320387,0.1258707463288453,0.8903359906342843,0.3014291837558401,0.5188855814993831
-0.8059999999999999,1.1942424204090254,0.4487601144977389,1.1067200722587367,0.5273317277524112,0.028945927870786183,0.1260478782210232,0.8989866060687095,0.3020154916591985,0.5206154831694316
-0.8039999999999999,1.214924868153993,0.4594439922695492,1.1247015840774903,0.5165740392372684,0.028979957455263494,0.12622550903563012,0.9078009919863299,0.3026040782248637,0.5223568567914143
-0.8019999999999999,1.2353303515897787,0.47032007184435176,1.1422959807244575,0.5062352892679769,0.029014067139546417,0.1264036408822365,0.9167836561979346,0.30319495672349195,0.5241098158258629
-0.7999999999999999,1.2554857781681632,0.4813878401124422,1.159530200803065,0.4962921248463748,0.02904825720675698,0.12658227588231497,0.9259392654293807,0.30378814052868086,0.5258744752202498
-0.7979999999999999,1.275416647125683,0.4926479632515349,1.1764291768183213,0.48672284663161614,0.029082527941352975,0.12676141616932413,0.9352726519383177,0.30438364311796584,0.5276509514331797
-0.7959999999999999,1.2951471576440876,0.5041021690377606,1.1930159944967142,0.47750726997428883,0.029116879629135846,0.12694106388879375,0.9447888204329493,0.30498147807382836,0.5294393624590525
-0.7939999999999999,1.3147003119607181,0.5157531480069657,1.2093120360727891,0.4686265991687046,0.029151312557258627,0.12712122119840974,0.9544929553063156,0.3055816590847173,0.5312398278532022
-0.7919999999999999,1.3340980129700741,0.5276044707508184,1.2253371089844822,0.46006331355632846,0.029185827014233987,0.12730189026810057,0.9643904281999813,0.30618419994608037,0.5330524687575293
-0.7899999999999999,1.3533611561377912,0.5396605190716001,1.241109561278935,0.4518010642603457,0.029220423289942194,0.12748307328012407,0.9744868059113703,0.3067891145614083,0.5348774079266303
-0.7879999999999999,1.3725097157389128,0.5519264290849681,1.25664638489721,0.44382458046309364,0.029255101675639304,0.12766477242915505,0.9847878586593071,0.30739641694329195,0.5367147697544425
-0.7859999999999999,1.3915628255592694,0.5644080446645509,1.271963307881338,0.43611958425575875,0.02928986246396533,0.12784698992237373,0.9952995687226018,0.30800612121449067,0.5385646803014131
-0.7839999999999999,1.410538854280127,0.5771118798765813,1.2870748764307425,0.42867271319464706,0.02932470594895241,0.12802972797955497,1.0060281394667008,0.3086182416090139,0.5404272673222003
-0.7819999999999999,1.4294554758151956,0.5900450892656335,1.3019945276273466,0.42147144979172435,0.02935963242603315,0.12821298883315796,1.0169800047735535,0.3092327924732157,0.542302660293928
-0.7799999999999999,1.4483297348950432,0.6032154450309366,1.3167346535491786,0.41450405725017586,0.02939464219204895,0.12839677472841696,1.028161838889847,0.30984978826690074,0.5441909904449955
-0.7779999999999999,1.4671781082037592,0.6166313202825672,1.3313066574005177,0.4077595208295377,0.029429735545258438,0.12858108792343284,1.0395805667086413,0.3104692435644456,0.5460923907844665
-0.7759999999999999,1.486016561371294,0.6303016776927883,1.3457210022019501,0.40122749429052756,0.029464912785345892,0.1287659306892654,1.051243374499167,0.3110911730559313,0.5480069961320387
-0.7739999999999999,1.5048606021156827,0.6442360629637667,1.3599872525053025,0.3948982509279423,0.029500174213429778,0.12895130531002602,1.0631577210990861,0.31171559154829087,0.549934943148619
-0.7719999999999999,1.523725329815052,0.6584446026221537,1.3741141095257494,0.3887626387517363,0.029535520132071388,0.129137214082972,1.07533134958282,0.31234251396646867,0.5518763703675085
-0.7699999999999999,1.5426254817714706,0.6729380057260248,1.388109440015499,0.382812039422366,0.029570950845283422,0.12932365931860068,1.0877722994185999,0.31297195535459593,0.5538314182262193
-0.7679999999999999,1.5615754764087426,0.6877275691326683,1.4019802991397785,0.3770383305873632,0.029606466658538753,0.12951064334074533,1.1004889191256113,0.31360393087717786,0.5558002290989317
-0.7659999999999999,1.5805894536249585,0.7028251860284106,1.415732947555638,0.37143385130243567,0.029642067878779176,0.1296981684866714,1.1134898794409338,0.31423845582029675,0.5577829473296105
-0.7639999999999999,1.5996813124984772,0.7182433574653729,1.4293728628366074,0.3659913702527503,0.02967775481442426,0.12988623710717315,1.126784187003877,0.31487554559282876,0.5597797192657947
-0.7619999999999999,1.618864746523526,0.7339952066860027,1.4429047453309771,0.3607040565188432,0.029713527775380243,0.1300748515666723,1.1403811985626442,0.3155152157276748,0.5617906932930758
-0.7599999999999999,1.6381532765287936,0.7500944960451998,1.4563325184876974,0.3555654526572729,0.029749387073049003,0.1302640142433165,1.154290635704985,0.3161574818830077,0.5638160198702818
-0.7579999999999999,1.6575602814093215,0.7665556463624932,1.4696593236310005,0.3505694498890143,0.02978533302033709,0.13045372752907877,1.1685226001104605,0.31680235984353255,0.5658558515653835
-0.7559999999999999,1.6770990267787875,0.7833937585536053,1.4828875091124114,0.3457102652090221,0.029821365931664824,0.13064399382985872,1.183087589317052,0.31744986552176313,0.5679103430921392
-0.7539999999999999,1.6967826916255357,0.8006246374020235,1.4960186137160445,0.3409824202486336,0.029857486122975466,0.13083481556558324,1.1979965129888983,0.3181000149593148,0.5699796513474963
-0.7519999999999999,1.7166243930315117,0.8182648173370973,1.5090533441396607,0.33638072173879646,0.029893693911744446,0.13102619517030936,1.2132607096648378,0.318752824328211,0.5720639354497684
-0.7499999999999999,1.7366372089881896,0.8363315900856815,1.5219915463191787,0.33190024343670455,0.02992998961698865,0.1312181350923271,1.2288919639588627,0.3194083099322069,0.5741633567776047
-0.7479999999999999,1.756834199317477,0.8548430340592718,1.5348321703078223,0.32753630939149686,0.0299663735592758,0.1314106377942639,1.2449025241734215,0.3200664882081294,0.5762780790097718
-0.7459999999999999,1.7772284246779981,0.8738180453275641,1.5475732283621846,0.3232844784363971,0.030002846060733886,0.13160370575318925,1.2613051202743737,0.32072737572723187,0.5784082681657674
-0.7439999999999999,1.797832963607822,0.8932763700120714,1.5602117458258484,0.3191405298051882,0.030039407445060666,0.1317973414607211,1.2781129821620498,0.32139098919656767,0.5805540926472852
-0.7419999999999999,1.8186609275231236,0.9132386379090347,1.5727437043362527,0.3151004497803623,0.03007605803753323,0.1319915474231324,1.2953398581558637,0.3220573454603784,0.5827157232805539
-0.7399999999999999,1.8397254735579165,0.9337263971186829,1.5851639768117565,0.31116041928878013,0.030112798165017676,0.13218632616145906,1.3130000335898966,0.32272646150150064,0.5848933333595666
-0.7379999999999999,1.8610398150925105,0.9547621494168284,1.597466253603037,0.307316802368313,0.030149628155978773,0.1323816802116088,1.331108349393262,0.32339835444278886,0.5870870986902299
-0.7359999999999999,1.8826172297768444,0.9763693860535697,1.6096429591154726,0.3035661354358266,0.03018654834048979,0.1325776121244707,1.3496802205013272,0.32407304154855715,0.5892971976354454
-0.7339999999999999,1.9044710648089456,0.9985726236010548,1.6216851581268863,0.29990511729306946,0.03022355905024233,0.1327741244660261,1.3687316539113208,0.32475054022603705,0.591523811161156
-0.7319999999999999,1.9266147391774378,1.0213974393959468,1.6335824509375552,0.29633059981262944,0.030260660618556288,0.13297121981746035,1.3882792661577348,0.3254308680268549,0.5937671228833743
-0.7299999999999999,1.9490617425196548,1.0448705060304058,1.645322856396737,0.2928395792511797,0.030297853380389803,0.13316890077527513,1.4083402999383323,0.32611404264852667,0.5960273191162191
-0.7279999999999999,1.9718256301823343,1.069019624235447,1.6568926817520389,0.2894291881418075,0.03033513767234937,0.1333671699514027,1.428932639569495,0.3268000819359715,0.5983045889209865
-0.7259999999999999,1.994920013999236,1.0938737533696425,1.6682763781651175,0.2860966877213576,0.030372513832700006,0.1335660299733201,1.4500748248888742,0.32748900388304397,0.6005991241562787
-0.7239999999999999,2.018358548217995,1.1194630385708053,1.6794563806298972,0.28283946085247036,0.030409982201375425,0.1337654834841652,1.4717860631525597,0.328180826634086,0.6029111195292179
-0.7219999999999999,2.0421549099158907,1.145818833444677,1.6904129309186735,0.2796550054033908,0.03044754311998841,0.13396553314285334,1.494086238391658,0.3288755684854972,0.605240772647773
-0.7199999999999999,2.066322773139522,1.1729737169481478,1.701123882068514,0.2765409280517082,0.030485196931841103,0.13416618162419525,1.5169959175975807,0.3295732478873257,0.6075882840742246
-0.7179999999999999,2.0908757758850856,1.2009615028699865,1.7115644828072707,0.2734949384809868,0.030522943981935554,0.13436743161901576,1.5405363529944647,0.33027388344487824,0.6099538573798019
-0.7159999999999999,2.115827478902292,1.2298172400135121,1.7217071402081066,0.2705148439417892,0.03056078461698418,0.13456928583427383,1.5647294795287945,0.33097749392035103,0.6123376992005132
-0.7139999999999999,2.1411913151542383,1.2595772008363804,1.7315211587575605,0.267598544150912,0.03059871918542042,0.13477174699318362,1.5895979065579362,0.3316840982344811,0.6147400192942073
-0.7119999999999999,2.166980528595697,1.2902788558950693,1.7409724539299865,0.26474402650476175,0.030636748037409407,0.13497481783533652,1.615164902548175,0.33239371546821744,0.6171610305988933
-0.7099999999999999,2.1932081007414084,1.3219608309673454,1.7500232382873835,0.2619493615847147,0.030674871524858746,0.13517850111682433,1.6414543713958758,0.3331063648644153,0.6196009492923505
-0.7079999999999999,2.2198866632819834,1.3546628431755747,1.7586316780772167,0.2592126989340625,0.030713090001429372,0.13538279961036367,1.6684908187592422,0.33382206582954943,0.6220599948530641
-0.7059999999999998,2.2470283947659753,1.3884256117971137,1.7667515182929279,0.2565322630877386,0.030751403822546448,0.13558771610542147,1.696299306529189,0.3345408379354516,0.624538390122517
-0.7039999999999998,2.2746448991008075,1.423290738714318,1.7743316742073265,0.253906349837486,0.030789813345410415,0.13579325340834134,1.7249053932722895,0.3352627009210678,0.627036361368874
-0.7019999999999998,2.3027470633309184,1.4593005526145155,1.7813157875060046,0.2513333227164579,0.03082831892900809,0.13599941434247148,1.7543350581426451,0.33598767469424,0.6295541383520955
-0.6999999999999998,2.3313448918279547,1.496497910088356,1.7876417453599256,0.24881160968846727,0.030866920934123816,0.1362062017482936,1.7846146053789007,0.33671577933350866,0.6320919543905155
-0.6979999999999998,2.3604473136747584,1.5349259456820894,1.7932411611120032,0.24633970002822006,0.030905619723350753,0.13641361848355277,1.8157705460738247,0.33744703508994,0.63465004642892
-0.696,2.390061959643344,1.5746277617259656,1.7980388157478853,0.24391614137989007,0.03094441566110222,0.13662166742338894,1.8478294534235575,0.3381814623889757,0.6372286551081733
-0.694,2.4201949047600744,1.615646047380123,1.8019520600203576,0.24153953698233546,0.0309833091136231,0.13683035146046935,1.8808177871295382,0.3389190818323067,0.6398280248364184
-0.692,2.450850372023326,1.6580226148076447,1.804890178053306,0.2392085430501202,0.03102230044900143,0.13703967350512178,1.9147616820372302,0.33965991419977054,0.6424484038619065
-0.69,2.482030392399158,1.701797838706099,1.8067537145301151,0.23692186630029305,0.031061390037179934,0.1372496364854702,1.949686695453481,0.34040398045127473,0.6450900443474878
-0.688,2.513734415780825,1.7470099836164688,1.8074337692500244,0.2346782616156092,0.031100578249967765,0.13746024334757007,1.9856175068928748,0.34115130172874275,0.6477532024468157
-0.6859999999999999,2.5459588671767803,1.7936944015090794,1.8068112650055788,0.23247652983554637,0.031139865461052258,0.13767149705554643,2.0225775632718728,0.3419018993580869,0.6504381383822998
-0.6839999999999999,2.5786966420147004,1.841882580165845,1.8047561975013418,0.23031551566708597,0.03117925204601083,0.13788340059173199,2.0605886618126137,0.3426557948512066,0.6531451165248641
-0.6819999999999999,2.6119365341502934,1.8916010209083984,1.8011268795194166,0.22819410570779544,0.03121873838232295,0.13809595695680738,2.099670462159273,0.3434130099080117,0.65587440547555
-0.6799999999999999,2.645662589995702,1.942869922368586,1.7957691958763102,0.22611122657427452,0.031258324849382166,0.13830916916994218,2.1398399184826924,0.34417356641847363,0.6586262781490183
-0.6779999999999999,2.679853382193579,1.995701645411954,1.7885158910544754,0.2240658431295072,0.03129801182850824,0.13852304026893758,2.18111062170153,0.34493748646470146,0.6614010118589972
-0.6759999999999999,2.7144811965372346,2.0500989332141715,1.7791859178816396,0.22205695680310994,0.03133779970295945,0.13873757331037004,2.223492041446086,0.34570479232304735,0.6641988884057313
-0.6739999999999999,2.7495111264729517,2.106052860133912,1.767583883418359,0.2200836039988768,0.031377688857944834,0.13895277136973663,2.2669886571220026,0.3464755064662377,0.6670201941654821
-0.6719999999999999,2.7849000706398375,2.163540483790225,1.7534996374252632,0.21814485458440086,0.031417679680636725,0.13916863754160133,2.3115989675098847,0.34724965156553317,0.6698652201821375
-0.6699999999999999,2.820595630653738,2.222522177107648,1.7367080594986708,0.21623981045790677,0.03145777256018317,0.13938517493974317,2.3573143689103118,0.34802725049291744,0.6727342622609878
-0.6679999999999999,2.8565349089015886,2.2829386216268293,1.7169691131927796,0.2143676041877497,0.031497967887720614,0.1396023866973052,2.4041178930952367,0.34880832632331404,0.6756276210647225
-0.6659999999999999,2.8926432096849832,2.344707450809206,1.694028249072735,0.21252739772034207,0.031538266056386564,0.1398202759669454,2.4519827984806253,0.3495929023368335,0.6785456022117125
-0.6639999999999999,2.928832651865375,2.407719543239801,1.667617253368976,0.21071838115254488,0.03157866746133247,0.1400388459209886,2.5008710112579386,0.35038100202104877,0.6814885163766377
-0.6619999999999999,2.965000707461066,2.471834981516849,1.6374556541763878,0.20893977156482,0.03161917249973655,0.1402580997515798,2.5507314180202623,0.35117264907330314,0.6844566793935253
-0.6599999999999999,3.001028688670972,2.5368787142549514,1.6032528120625134,0.20719081191168168,0.0316597815708169,0.1404780406708394,2.6014980180309015,0.35196786740304686,0.6874504123612638
-0.6579999999999999,3.036780215767198,2.6026359870679774,1.564710835168519,0.20547076996620456,0.031700495075844486,0.14069867191101942,2.6530879520601616,0.35276668113420534,0.6904700417516579
-0.6559999999999999,3.0720997103577097,2.668847644569021,1.521528468500775,0.20377893731555685,0.031741313418156475,0.1409199967246611,2.7053994359953872,0.35356911460758006,0.6935158995201021
-0.6539999999999999,3.1068109727003574,2.7352054499504073,1.4734061105659,0.20211462840471425,0.03178223700316946,0.14114201838475476,2.758309641481196,0.35437519238328086,0.6965883232189345
-0.6519999999999999,3.1407159178869244,2.801347621639475,1.4200521045381274,0.2004771796256938,0.03182326623839295,0.14136474018490008,2.8116725828094116,0.3551849392431904,0.6996876561135553
-0.6499999999999999,3.1735935633641166,2.866854846997634,1.3611904318177983,0.19886594844980876,0.03186440153344279,0.14158816543946878,2.865317089064018,0.35599838019346314,0.7028142473013799
-0.6479999999999999,3.2051993785868005,2.931247098829351,1.2965698986548029,0.19728031260060422,0.03190564330005491,0.14181229748376833,2.9190449627069945,0.35681554046705655,0.705968451833706
-0.6459999999999999,3.235265125284509,2.993981647565524,1.225974846774198,0.19571966926527282,0.03194699195209896,0.14203713967420753,2.9726294494613024,0.35763644552629786,0.7091506308405823
-0.6439999999999999,3.2634993319596197,3.0544527240846686,1.1492373323350729,0.19418343434248836,0.031988447905592236,0.1422626953884633,3.0258141679869754,0.3584611210654846,0.7123611516587527
-0.6419999999999999,3.28958855628627,3.111993336344007,1.066250601031523,0.19267104172471683,0.0320300115787135,0.14248896802564961,3.0783126691974467,0.35928959301352076,0.7156003879627728
-0.6399999999999999,3.3131995909033205,3.1658797657922175,0.976983540142487,0.19118194261318308,0.03207168339181717,0.14271596100648717,3.1298088110656606,0.36012188753658947,0.7188687198993795
-0.6379999999999999,3.3339827581098755,3.2153392532425378,0.8814956142441379,0.18971560486377875,0.0321134637674474,0.14294367777347577,3.1799581416016687,0.36095803104086066,0.7221665342252112
-0.6359999999999999,3.3515764134842243,3.2595613138315884,0.7799515990087234,0.18827151236230036,0.03215535313035241,0.1431721217910674,3.2283904759682884,0.3617980501752373,0.7254942244479698
-0.6339999999999999,3.365612734189957,3.2977129832994323,0.6726352327375927,0.18684916442749921,0.032197351907498804,0.14340129654584155,3.274713828933732,0.3626419718341381,0.728852190971127
-0.6319999999999999,3.3757248026121154,3.328958083629712,0.5599607311294261,0.18544807524051543,0.032239460528086177,0.1436312055466818,3.3185198170886685,0.3634898231603196,0.7322408412422688
-0.6299999999999999,3.3815549099553075,3.3524803034655104,0.4424809870702301,0.1840677732993503,0.032281679423561596,0.14386185232495455,3.3593905740060412,0.36434163154773536,0.7356605899051889
-0.6279999999999999,3.3827639004878898,3.367509527813787,0.320891237847664,0.18270780089710906,0.03232400902763448,0.1440932404346891,3.3969071258735353,0.365197424644436,0.7391118589558345
-0.6259999999999999,3.3790412618777736,3.373350447417089,0.19602706033468872,0.18136771362281823,0.032366449776291266,0.1443253734527596,3.4306590587511305,0.3660572303555094,0.7425950779022165
-0.6239999999999999,3.3701155511091825,3.3694120718512335,0.06885577601862959,0.18004707988369067,0.03240900210781058,0.1445582549790685,3.460255179488278,0.3669210768460603,0.7461106839283983
-0.6219999999999999,3.355764642774564,3.3552364167258952,-0.05953927755922317,0.1787454804477742,0.032451666462778125,0.14479188863673284,3.4853347428677237,0.36778899254423236,0.7496591220626797
-0.6199999999999999,3.3358252130179045,3.330524396539851,-0.18798163702556359,0.17746250800598004,0.03249444328410201,0.14502627807227028,3.505578703665451,0.3686610061442721,0.7532408453500997
-0.6179999999999999,3.3102008435231602,3.295156889960744,-0.3152311770838679,0.17619776675254212,0.03253733301702801,0.14526142695578934,3.5207203715869886,0.36953714660963566,0.7568563150293817
-0.6159999999999999,3.2788681576714285,3.249209096734038,-0.44001890992592996,0.1749508719830127,0.03258033610915505,0.14549733898117947,3.5305548157607007,0.3704174431761379,0.76050600071445
-0.6139999999999999,3.2418804907879792,3.1929566895779775,-0.5610852832065324,0.17372144970894704,0.03262345301045069,0.14573401786630438,3.534946395329369,0.3713019253551477,0.7641903805806547
-0.6119999999999999,3.1993687449241124,3.1268728574499374,-0.6772196832196714,0.1725091362884767,0.03266668417326693,0.14597146735319633,3.5338338876861397,0.3721906229368255,0.7679099415558379
-0.6099999999999999,3.151539273003026,3.05161607699593,-0.7872986141867714,0.17131357807201553,0.032710030052355905,0.1462096912082528,3.527232840435717,0.37308356599340864,0.7716651795163871
-0.6079999999999999,3.0986688562860283,2.9680092444984307,-0.8903200578942481,0.17013443106238177,0.032753491104885915,0.14644869322243498,3.515234971918133,0.3739807848825423,0.775456599488419
-0.6059999999999999,3.0410970568473688,2.877011544069609,-0.985431826386754,0.16897136058865833,0.03279706779045742,0.14668847721146822,3.498004665157011,0.37488231025065655,0.7792847158542505
-0.6039999999999999,2.979216416464191,2.779685017847495,-1.0719522646479689,0.1678240409931502,0.0328407605711193,0.146929047016044,3.4757728146392877,0.3757881730363927,0.7831500525643059
-0.6019999999999999,2.9134611127194256,2.677158164913245,-1.1493823625611543,0.16669215533083073,0.03288456991138513,0.14717040650202498,3.448828468635623,0.37669840447407754,0.7870531433546304
-0.5999999999999999,2.844294758016795,2.57058899156913,-1.2174090959514892,0.1655753950807015,0.03292849627824966,0.1474125595606508,3.417508841587203,0.37761303609724683,0.790994531970164
-0.5979999999999999,2.772198033611799,2.461129774621955,-1.2759005329689337,0.16447345986851952,0.032972540141205375,0.14765551010874656,3.382188339894069,0.37853209974222,0.7949747723939647
-0.5959999999999999,2.6976567946219534,2.349895428152269,-1.3248938290742613,0.1633860572003748,0.03301670197225926,0.14789926208893345,3.3432672486377624,0.3794556275517246,0.7989944290825394
-0.5939999999999999,2.6211511770709777,2.2379368552284267,-1.3645776361463908,0.16231290220662706,0.03306098224594961,0.14814381946984115,3.3011606737805863,0.38038365197857377,0.8030540772074818
-0.5919999999999999,2.5431461026130213,2.126220100575297,-1.3952706487077597,0.16125371739573616,0.03310538143936304,0.14838918624632236,3.256288238163081,0.3813162057893958,0.807154302903596
-0.5899999999999999,2.464083429820239,2.015611573456646,-1.4173980154008596,0.1602082324175448,0.033149900032151625,0.14863536643966999,3.209064907370356,0.38225332206841844,0.8112957035237052
-0.5879999999999999,2.384375859753268,1.9068691397089037,-1.4314671929876568,0.15917618383559243,0.0331945385065501,0.14888236409783537,3.159893190461156,0.38319503422130635,0.8154788879003462
-0.5859999999999999,2.3044025807112325,1.8006385229919497,-1.4380445624200797,0.15815731490806406,0.03323929734739339,0.14913018329565,3.109156835328702,0.3841413759790549,0.8197044766145577
-0.5839999999999999,2.224506540283963,1.697454220349757,-1.4377338131875896,0.15715137537699328,0.03328417704213402,0.14937882813504827,3.057216029747328,0.38509238140194113,0.8239731022719766
-0.5819999999999999,2.1449931649933687,1.597744020048996,-1.4311567783670462,0.15615812126536108,0.03332917808085987,0.14962830274529357,3.0044040331445747,0.3860480848835298,0.8282854097864645
-0.5799999999999998,2.0661303078963305,1.501836191867295,-1.4189371029067237,0.15517731468174806,0.03337430095631205,0.14987861128320543,2.951025102932552,0.38700852115474066,0.8326420566714929
-0.5779999999999998,1.9881491888436158,1.4099684767767475,-1.401686873590313,0.15420872363221472,0.033419546163902775,0.15012975793339006,2.8973535417501797,0.38797372528797264,0.8370437133395233
-0.5759999999999998,1.9112460955394295,1.322298108532859,-1.3799961412573363,0.15325212183910036,0.03346491420173357,0.15038174690847245,2.8436336750150417,0.3889437327012906,0.8414910634096269
-0.5739999999999998,1.8355846306365664,1.2389122308662943,-1.3544251254458781,0.15230728856644674,0.03351040557061349,0.15063458244933106,2.7900805674864544,0.3899185791626711,0.8459848040235937
-0.5719999999999998,1.761298315710927,1.1598382122247495,-1.3254988036167534,0.1513740084517659,0.03355602077407758,0.15088826882533493,2.7368812985789623,0.39089830079431265,0.8505256461707933
-0.5699999999999998,1.6884933927735428,1.085053492015506,-1.293703542897238,0.15045207134388536,0.033601760318405394,0.1511428103345832,2.6841966347474497,0.3918829340770081,0.855114315022054
-0.5679999999999998,1.6172516946782753,1.0144947096954842,-1.2594854218845208,0.14954127214661697,0.033647624712639816,0.1513982113041467,2.6321629598629745,0.3928725158545826,0.8597515502728379
-0.566,1.5476334850407876,0.9480659666033504,-1.2232499037351068,0.14864141066800735,0.033693614468605804,0.15165447609031252,2.580894348378531,0.3938670833383964,0.864438106495998
-0.564,1.4796801946473783,0.8856461489750083,-1.1853625509680323,0.14775229147493907,0.03373973010092951,0.15191160907883058,2.530484689297984,0.3948666741119153,0.8691747535044126
-0.5619999999999999,1.4134170040552048,0.8270953000605848,-1.1461505101731106,0.14687372375286334,0.033785972127057466,0.15216961468516305,2.4810097902539536,0.39587132613534853,0.8739622767237998
-0.5599999999999999,1.3488552409476557,0.7722600718271494,-1.1059045358861153,0.14600552117045362,0.03383234106727588,0.15242849735473593,2.4325294096756735,0.39688107775035525,0.8788014775760293
-0.5579999999999999,1.2859945759498894,0.720978315118509,-1.0648813635806629,0.1451475017489816,0.03387883744473017,0.15268826156319382,2.385089180810546,0.3978959676848231,0.883693173873255
-0.5559999999999999,1.2248250123913025,0.6730828841953101,-1.023306279655645,0.14429948773622395,0.033925461785444665,0.1529489118166564,2.338722404269547,0.3989160350577167,0.8886382002232024
-0.5539999999999999,1.165328674405052,0.6284047399643627,-0.9813757701211892,0.14346130548471822,0.03397221461834233,0.15321045265197833,2.2934516959982716,0.39994131938399985,0.8936374084459566
-0.5519999999999999,1.1074814043068726,0.5867754382617506,-0.9392601588155717,0.14263278533419407,0.03401909647526489,0.15347288863701147,2.2492904854366276,0.40097186057963136,0.898691668002609
-0.5499999999999999,1.0512541849246486,0.548029087221,-0.8971061703507033,0.14181376149801464,0.03406610789099289,0.1537362243708695,2.2062443644675653,0.4020076989666363,0.9038018664361283
-0.5479999999999999,0.9966144059631352,0.5120038525798741,-0.855039372845847,0.14100407195346898,0.03411324940326606,0.15400046448419613,2.1643122919184776,0.4030488752782547,0.9089689098248374
-0.5459999999999999,0.9435269960642146,0.47854308293816167,-0.8131664713169133,0.1402035583357646,0.03416052155280379,0.15426561363943483,2.1234876611948814,0.40409543066416737,0.914193723248886
-0.5439999999999999,0.8919554444239725,0.4474961193433985,-0.7715774348762184,0.1394120658355758,0.03420792488332582,0.1545316765311026,2.083759240385783,0.4051474066958015,0.9194772512701238
-0.5419999999999999,0.8418627381204128,0.41871884576506335,-0.7303474502158352,0.1386294431000098,0.03425545994157308,0.15479865788606564,2.045111995133221,0.4062048453717174,0.9248204584257889
-0.5399999999999999,0.7932122441997826,0.3920740294319116,-0.6895387007220698,0.13785554213685786,0.034303127277328635,0.15506656246381817,2.007527804912255,0.40726778912307704,0.9302243297364442
-0.5379999999999999,0.7459685696735415,0.3674314929097302,-0.6492019754736704,0.13709021822200643,0.03435092744343897,0.15533539505676439,1.970986083290352,0.4083362808191964,0.9356898712285981
-0.5359999999999999,0.7000984386844681,0.3446681533325917,-0.6093781157267882,0.13633332980988622,0.034398860995835286,0.15560516049050305,1.9354643123598283,0.409410363773184,0.9412181104724731
-0.5339999999999999,0.6555716353104573,0.3236679584338052,-0.5700993086357145,0.13558473844684502,0.03444692849355505,0.15587586362411487,1.900938500967014,0.41049008174766416,0.9468100971353847
-0.5319999999999999,0.6123620743932973,0.3043217439624809,-0.531390239190462,0.13484430868733266,0.034495130498763724,0.15614750935045352,1.8673835756753276,0.41157547896059116,0.9524669035512197
-0.5299999999999999,0.5704490838128451,0.28652703269126795,-0.4932691119055109,0.134111908012793,0.034543467576776725,0.15642010259643888,1.8347737126545327,0.4126666000911506,0.958189625306511
-0.5279999999999999,0.5298190134400448,0.2701877914724198,-0.45574855385600355,0.13338740675316163,0.0345919402960814,0.15669364832335414,1.8030826179268955,0.41376349028575454,0.9639793818436203
-0.5259999999999999,0.49046733421122884,0.2552141596233526,-0.4188364103752385,0.13267067801087182,0.0346405492283594,0.15696815152714513,1.7722837626519883,0.4148661951641283,0.9698373170815592
-0.5239999999999999,0.45240146392673064,0.24152215925533585,-0.38253644421373656,0.1319615975872765,0.03468929494850913,0.1572436172387237,1.7423505794151208,0.41597476082549284,0.9757646000549912
-0.5219999999999999,0.4156446672240809,0.22903339593632788,-0.34684894830126006,0.13126004391139717,0.034738178034668346,0.15752005052427367,1.7132566248119663,0.41708923385484337,0.9817624255719738
-0.5199999999999999,0.38024154360167545,0.21767475624050694,-0.3117712815129398,0.130565897970914,0.034787199068237074,0.15779745648556,1.6849757130008907,0.4182096613293262,0.9878320148910156
-0.5179999999999999,0.3462658610691452,0.207378107227109,-0.2772983360657944,0.12987904324531582,0.034836358633900597,0.15807584026024182,1.6574820243277444,0.4193360908247159,0.9939746164180403
-0.5159999999999999,0.3138318290352719,0.1980800016595087,-0.243422944395538,0.12919936564113202,0.034885657319652714,0.15835520702218797,1.6307501926156893,0.42046857042199465,1.00019150642386
-0.5139999999999999,0.2831103013898311,0.18972139177774294,-0.21013623260865125,0.12852675342917028,0.03493509571681918,0.15863556198179635,1.6047553742534528,0.42160714871403454,1.0064839897827902
-0.5119999999999999,0.25435166039602763,0.18224735363531552,-0.177427926886216,0.12786109718368927,0.0349846744200813,0.15891691038631653,1.5794733018065004,0.42275187481238596,1.0128534007330343
-0.5099999999999999,0.2279165591660909,0.17560682337078154,-0.14528661854325525,0.12720228972343625,0.035034394027499804,0.15919925752017589,1.5548803245134148,0.423902798354174,1.019301103659504
-0.5079999999999999,0.20431237709781486,0.16975234627802818,-0.11369999282525974,0.12655022605448388,0.03508425514053887,0.15948260870530895,1.5309534377105205,0.42505996950910424,1.0258284938997426
-0.5059999999999999,0.18422304402067746,0.16463983914223462,-0.0826550259540433,0.12590480331480242,0.03513425836409034,0.1597669693014906,1.5076703029474825,0.42622343898657905,1.0324369985736406
-0.5039999999999999,0.16849782318324646,0.1602283660011348,-0.05213815441784436,0.12526592072050627,0.03518440430649823,0.16005234470667248,1.485009260311343,0.42739325804293005,1.03912807743765
-0.5019999999999999,0.15803779438557755,0.15647992725643525,-0.022135420033936745,0.12463347951371619,0.03523469357958332,0.1603387403573232,1.4629493342625288,0.4285694784887633,1.0459032237642178
-0.4999999999999999,0.1535361256461157,0.15335926188423626,0.007367406106770022,0.12400738291198109,0.03528512679866807,0.16062616172877225,1.4414702341002041,0.42975215269642514,1.0527639652471734
-0.4979999999999999,0.1551600509532411,0.15083366236426785,0.03638471807770975,0.12338753605920494,0.035335704582601664,0.16091461433555718,1.4205523500127717,0.430941333607587,1.05971186493383
-0.4959999999999999,0.162416575555177,0.14887280185636184,0.06493098553469633,0.12277384597802761,0.035386427553785404,0.1612041037317752,1.4001767455293712,0.43213707474095187,1.0667485221845503
-0.4939999999999999,0.1743385449158485,0.14744857309088066,0.09302067800676654,0.12216622152360865,0.03543729633819809,0.16149463551143806,1.380325147067199,0.43333943020008703,1.0738755736605834
-0.4919999999999999,0.18982440031912295,0.1465349384015173,0.12066820121381683,0.121564573338767,0.03548831156542185,0.16178621530883044,1.3609799311650295,0.4345484546813825,1.081094694340939
-0.4899999999999999,0.2078901169642261,0.14610779030874646,0.14788784379554318,0.12096881381043038,0.03553947386866811,0.1620788487988734,1.3421241099033134,0.43576420348214007,1.0884075985691286
-0.4879999999999999,0.2277634943905755,0.14614482205609064,0.17469373303928026,0.12037885702734923,0.035590783884803724,0.16237254169749046,1.323741314933764,0.436986732508793,1.0958160411305842
-0.4859999999999999,0.24887775921497002,0.14662540750585512,0.2010997983728639,0.11979461873903394,0.035642242254377406,0.16266729976197822,1.3058157804748085,0.4382160982852611,1.103321818361578
-0.4839999999999999,0.27082950803827344,0.14753048981338773,0.22711974154545686,0.1192160163158731,0.03569384962164641,0.16296312879138122,1.2883323255721641,0.43945235796144233,1.1109267692904938
-0.4819999999999999,0.29333469959826375,0.14884247831709235,0.2527670125566814,0.11864296871039436,0.03574560663460336,0.16326003462687047,1.2712763358748829,0.4406955693218431,1.1186327768122823
-0.47999999999999987,0.31619346870430254,0.15054515310361405,0.2780547905148698,0.11807539641962908,0.03579751394500338,0.16355802315212617,1.2546337451353342,0.4419457907943529,1.1264417688969623
-0.47799999999999987,0.3392646654596662,0.1526235767325062,0.3029959687105359,0.11751322144854515,0.03584957220839142,0.16385710029372488,1.238391016605829,0.4432030814591614,1.1343557198330059
-0.47599999999999987,0.3624481583652981,0.1550640126312178,0.3276031432833051,0.11695636727451204,0.035901782084129856,0.16415727202153063,1.2225351244740694,0.4444675010578247,1.1423766515064753
-0.47399999999999987,0.3856726956266996,0.1578538496985896,0.351888604940967,0.11640475881276494,0.03595414423542629,0.1644585443490904,1.2070535354536276,0.4457391100024819,1.1505066347167516
-0.47199999999999986,0.40888757731368475,0.16098153268257287,0.375864333259521,0.11585832238283508,0.03600665932936168,0.16476092333403405,1.191934190623533,0.44701796938522487,1.1587477905297041
-0.46999999999999986,0.4320569015113818,0.1644364979251599,0.3995419931543176,0.11531698567591472,0.03605932803691859,0.1650644150784785,1.177165487592328,0.44830414098762417,1.1671022916691276
-0.46799999999999986,0.45515554706116745,0.16820911409415099,0.42293293316578157,0.1147806777231272,0.03611215103300975,0.16536902572943643,1.1627362630460387,0.44959768729041516,1.1755723639472742
-0.46599999999999986,0.47816633497673094,0.17229062754713453,0.44604818524963624,0.11424932886467225,0.036165128996506916,0.16567476147922933,1.1486357757261145,0.4508986714833459,1.1841602877352766
-0.46399999999999986,0.5010779976555126,0.1766731119977646,0.46889846580201483,0.11372287071981921,0.036218262610269926,0.16598162856590556,1.1348536898720736,0.45220715747519047,1.1928683994742315
-0.46199999999999986,0.5238837081094719,0.1813494221779812,0.4914941776849882,0.1132012361577205,0.036271552561176014,0.16628963327366253,1.1213800591541023,0.4535232099039331,1.2016990932276972
-0.45999999999999985,0.5465800022189209,0.18631315121209643,0.5138454130485686,0.11268435926901993,0.036324999540149366,0.16659878193327374,1.1082053111129093,0.45484689414712176,1.2106548222763018
-0.45799999999999985,0.5691659802386,0.19155859143973938,0.5359619567717371,0.11217217533823026,0.036378604242191026,0.16690908092252077,1.095320232117506,0.4561782763323991,1.2197381007551293
-0.45599999999999985,0.5916427091359563,0.19708069844441067,0.5578532903679937,0.11166462081685621,0.03643236736640896,0.16722053666662964,1.0827159528461034,0.4575174233482129,1.2289515053344793
-0.45399999999999985,0.6140127710574705,0.20287505806293332,0.5795285962207863,0.11116163329723931,0.03648628961604845,0.16753315563871266,1.0703839342907593,0.4588644028547073,1.2382976769445475
-0.45199999999999985,0.6362799193062317,0.20893785616836658,0.6009967620313039,0.1106631514871022,0.03654037169852275,0.16784694436021463,1.0583159542827272,0.4602192832948012,1.2477793225444949
-0.44999999999999984,0.6584488142525955,0.2152658510350975,0.6222663853758968,0.11016911518477059,0.03659461432544396,0.16816190940136416,1.0465040945324116,0.4615821339054577,1.2573992169362707
-0.44799999999999984,0.6805248192617689,0.22185634810979274,0.6433457782830705,0.10967946525505244,0.0366490182126543,0.16847805738163044,1.034940728175435,0.4629530247291448,1.267160204623481
-0.44599999999999984,0.7025138421009953,0.2287071770258083,0.6642429717508405,0.10919414360575314,0.0367035840802575,0.16879539497018473,1.023618507814382,0.46433202662549555,1.2770652017154498
-0.44399999999999984,0.7244222111068221,0.23581667071157433,0.6849657201345233,0.10871309316480844,0.036758312652650636,0.16911392888636706,1.0125303540442883,0.46571921128316934,1.2871171978765121
-0.44199999999999984,0.7462565781315021,0.24318364645535337,0.7055215053428325,0.1082362578580152,0.03681320465855608,0.16943366590015851,1.0016694444488061,0.4671146512319177,1.2973192583204014
-0.43999999999999995,0.7680238422722,0.2508073887998343,0.7259175407868044,0.10776358258734252,0.03686826083105392,0.1697546128326585,0.9910292030531254,0.46851841985486103,1.3076745258494489
-0.43799999999999994,0.7897310898387057,0.25868763415015,0.7461607750315129,0.10729501320980545,0.03692348190761454,0.17007677655656755,0.9806032902191394,0.46993059140097837,1.3181862229380936
-0.43599999999999994,0.8113855470877838,0.266824556988303,0.7662578951051258,0.10683049651688442,0.03697886863013146,0.17040016399667604,0.9703855929679693,0.47135124099781617,1.3288576538599892
-0.43399999999999994,0.8329945430510814,0.27521875759555375,0.7862153294234601,0.10636998021447396,0.03703442174495467,0.17072478213035722,0.9603702157147406,0.47278044466441793,1.3396922068577517
-0.43199999999999994,0.854565480383667,0.28387125119226764,0.8060392502911407,0.10591341290334472,0.03709014200292405,0.17105063798806744,0.9505514714004494,0.4742182793244842,1.3506933563541033
-0.42999999999999994,0.8761058126145193,0.2927834584119138,0.8257355759426296,0.1054607440601043,0.03714603015940321,0.17137773865385075,0.9409238730058149,0.4756648228197598,1.3618646652028468
-0.42799999999999994,0.8976230265268244,0.30195719703256396,0.8453099720879989,0.10501192401864089,0.03720208697431358,0.1717060912658504,0.9314821254321513,0.47712015392366297,1.3732097869777677
-0.42599999999999993,0.919124628662048,0.3113946748952266,0.8647678529293533,0.10456690395203683,0.03725831321216893,0.17203570301682528,0.9222211177345324,0.47858435235515046,1.3847324682971494
-0.42399999999999993,0.9406181351474556,0.3210984839438522,0.8841143816143003,0.10412563585493728,0.0373147096421099,0.17236658115467254,0.9131359156928154,0.4800574987928329,1.3964365511811485
-0.42199999999999993,0.9621110642067795,0.33107159532676855,0.9033544700929366,0.10368807252636113,0.03737127703793931,0.1726987329829565,0.904221754706409,0.4815396748893398,1.4083259754387765
-0.41999999999999993,0.9836109308388524,0.3413173555037524,0.9224927783444155,0.10325416755294133,0.03742801617815732,0.17303216586144352,0.8954740329990797,0.48303096328594103,1.420404781080698
-0.4179999999999999,1.0051252432474294,0.35183948330689907,0.9415337129383835,0.10282387529258195,0.037484927845997267,0.17336688720664264,0.8868883051204604,0.48453144762743117,1.4326771107534022
-0.4159999999999999,1.0266615006831368,0.3626420679069465,0.9604814248954137,0.10239715085852032,0.037542012829461596,0.17370290449235354,0.8784602757313762,0.4860412125772796,1.4451472121896611
-0.4139999999999999,1.0482271924200703,0.3737295676397314,0.9793398068089965,0.1019739501037819,0.03759927192135824,0.1740402252502191,0.8701857936605225,0.4875603438330556,1.4578194406693792
-0.4119999999999999,1.0698297976386835,0.3851068096500857,0.9981124891898503,0.1015542296060177,0.03765670591933734,0.17437885707028616,0.862060846220487,0.48908892814212984,1.4706982614841178
-0.4099999999999999,1.0914767860256565,0.3967789903126014,1.0168028359910337,0.10113794665271217,0.037714315625928196,0.17471880760157177,0.8540815537715434,0.4906270533176613,1.4837882523976151
-0.4079999999999999,1.113175618932764,0.408751676390429,1.035413939269873,0.10072505922675197,0.03777210184857668,0.17506008455263647,0.846244164522105,0.4921748082548752,1.4970941060935758
-0.4059999999999999,1.134933750961744,0.42103080689455774,1.0539486129398394,0.10031552599234485,0.0378300653996829,0.17540269569216338,0.8385450495551597,0.493732282947636,1.5106206326008336
-0.4039999999999999,1.1567586318621483,0.4336226956068353,1.0724093855623658,0.09990930628127911,0.037888207096639266,0.17574664884954602,0.8309806980704488,0.495299568505324,1.5243727616847016
-0.4019999999999999,1.1786577086450905,0.4465340342303683,1.0907984921251255,0.09950636007951376,0.03794652776186895,0.17609195191548052,0.8235477128325844,0.49687675717002083,1.5383555451918898
-0.3999999999999999,1.2006384278283744,0.4597718961308182,1.1091178647494875,0.09910664801409053,0.03800502822286449,0.1764386128425668,0.8162428058157097,0.49846394233401115,1.55257415933477
-0.3979999999999999,1.2227082377384142,0.47334374063149876,1.1273691222657993,0.09871013134035826,0.0380637093122271,0.17678663964591562,0.8090627940357298,0.5000612185576054,1.567033906899031
-0.3959999999999999,1.2448745908019616,0.48725741782402665,1.1455535585906986,0.09831677192950168,0.038122571867705984,0.1771360404037636,0.8020045955615211,0.5016686815872937,1.5817402193567967
-0.3939999999999999,1.267144945766424,0.5015211738545681,1.163672129835947,0.09792653225636538,0.03818161673223829,0.1774868232580946,0.7950652256969186,0.5032864283742344,1.596698658865151
-0.3919999999999999,1.2895267697917272,0.5161436566434024,1.1817254400732276,0.09753937538756566,0.038240844753989256,0.17783899641526954,0.7882417933256561,0.5049145570930872,1.611914920127628
-0.3899999999999999,1.312027540359452,0.5311339219925516,1.1997137256739554,0.09715526496988151,0.038300256786392844,0.17819256814666248,0.7815314974117784,0.5065531671611968,1.6273948320935903
-0.3879999999999999,1.3346547469466046,0.5465014400325452,1.217636838137488,0.09677416521891809,0.038359853688192655,0.1785475467893056,0.7749316236484007,0.5082023592581358,1.6431443594675543
-0.3859999999999999,1.357415892411935,0.562256101954937,1.235494225315088,0.09639604090803412,0.03841963632348338,0.17890394074654023,0.7684395412480138,0.5098622353456121,1.6591696039972879
-0.3839999999999999,1.3803184940423452,0.5784082269719003,1.2532849109306912,0.09602085735752748,0.038479605561752415,0.1792617584886774,0.7620526998678517,0.5115328986877526,1.67547680550602
-0.3819999999999999,1.4033700842056733,0.5949685694380078,1.2710074722928772,0.09564858042407029,0.03853976227792209,0.17962100855366508,0.7557686266641466,0.5132144538717679,1.6920723426301971
-0.3799999999999999,1.426578210554124,0.611948326062083,1.2886600160855541,0.09527917649038854,0.03860010735239214,0.17998169954776366,0.7495849234693771,0.5149070068290085,1.7089627332199722
-0.3779999999999999,1.449950435719795,0.6293591431286631,1.306240152117664,0.09491261245517854,0.03866064167108264,0.18034384014622948,0.7434992640869065,0.516610664856419,1.7261546343549068
-0.3759999999999999,1.4734943364402053,0.6472131236390535,1.3237449649047737,0.09454885572325397,0.03872136612547734,0.1807074390940074,0.7375093916976629,0.5183255366384026,1.743654841922201
-0.3739999999999999,1.4972175020474796,0.6655228342710285,1.341170982947794,0.09418787419591829,0.03878228161266742,0.1810725052064302,0.7316131163737708,0.5200517322690997,1.7614702896991103
-0.3719999999999999,1.5211275322498656,0.6843013120438453,1.3585141455662648,0.09382963626155522,0.03884338903539558,0.18143904736992772,0.7258083126942892,0.5217893632750954,1.7796080478749707
-0.3699999999999999,1.5452320341285166,0.7035620705611668,1.3757697671357068,0.09347411078643272,0.03890468930210072,0.18180707454274406,0.720092917458436,0.5235385426385605,1.7980753209414495
-0.3679999999999999,1.5695386182660709,0.7233191056886675,1.392932498570664,0.09312126710571414,0.0389661833269628,0.18217659575566342,0.7144649274919044,0.5252993848208394,1.816879444872147
-0.3659999999999999,1.5940548939163055,0.7435869005052218,1.4099962858871513,0.09277107501467124,0.03902787202994835,0.18254762011274484,0.7089223975420835,0.5270720057864916,1.836027883504523
-0.3639999999999999,1.6187884631161586,0.7643804293465701,1.426954325670562,0.09242350476009419,0.039089756336856275,0.18292015679206594,0.7034634382581955,0.5288565230278006,1.8555282240281648
-0.3619999999999999,1.6437469136325957,0.7857151607378947,1.443799017267746,0.09207852703189291,0.03915183717936419,0.18329421504647553,0.6980862142525537,0.5306530555897563,1.8753881714736818
-0.3599999999999999,1.6689378106271409,0.8076070589866848,1.460521911515124,0.09173611295488505,0.03921411549507509,0.18366980420435566,0.692788942239326,0.5324617240955258,1.8956155420858554
-0.3579999999999999,1.6943686869103094,0.8300725841792902,1.477113655808544,0.0913962340807659,0.03927659222756457,0.1840469336703929,0.6875698892473607,0.5342826507724209,1.9162182554531357
-0.35599999999999987,1.720047031646746,0.853128690293453,1.4935639353154453,0.09105886238025518,0.03933926832642839,0.1844256129263589,0.6824273709037944,0.5361159594783729,1.9372043252529667
-0.35399999999999987,1.74598027735943,0.8767928211045611,1.5098614101259813,0.09072397023541681,0.03940214474733066,0.1848058515319007,0.6773597497853208,0.5379617757289302,1.9585818484588289
-0.35199999999999987,1.7721757850678734,0.901082903525054,1.525993648137433,0.09039153043214647,0.03946522245205227,0.1851876591253411,0.6723654338341439,0.5398202267247859,1.9803589928400727
-0.34999999999999987,1.7986408273808836,0.9260173379741359,1.5419470534660664,0.09006151615282323,0.03952850240853999,0.185571045424488,0.6674428748357835,0.5416914413798506,2.0025439825697484
-0.34799999999999986,1.8253825693489099,0.9516149853282069,1.5577067901828072,0.08973390096912094,0.03959198559095588,0.18595602022745472,0.6625905669560328,0.5435755503498798,2.0251450817384025
-0.34599999999999986,1.8524080468646076,0.9778951499511442,1.5732567011745984,0.08940865883497538,0.03965567297972732,0.18634259341348994,0.6578070453344956,0.5454726860616733,2.0481705755534123
-0.34399999999999986,1.8797241423826347,1.0048775582471687,1.588579221942469,0.08908576407970308,0.039719565561597385,0.18673077494381804,0.6530908847322551,0.5473829827428555,2.071628748983684
-0.34199999999999986,1.9073375577112273,1.0325823321174492,1.6036552891612084,0.08876519140126812,0.039783664329675845,0.18712057486248995,0.6484406982313341,0.5493065764522507,2.09552786258846
-0.33999999999999986,1.9352547836085672,1.061029956634415,1.618464243844829,0.0884469158596936,0.03984797028349049,0.18751200329724454,0.6438551359837268,0.5512436051108693,2.119876125246643
-0.33799999999999986,1.9634820658965995,1.0902412411747622,1.6329837289879203,0.08813091287061313,0.039912484429039205,0.1879050704603809,0.6393328840078754,0.5531942085335178,2.1446816634793757
-0.33599999999999985,1.9920253677837971,1.1202372731732093,1.6471895815866564,0.08781715819896026,0.039977207778842214,0.18829978664964125,0.6348726630305722,0.5551585284610446,2.1699524870337767
-0.33399999999999985,2.0208903280666317,1.1510393635740477,1.6610557189860637,0.08750562795279117,0.04004214135199516,0.1886961622491053,0.6304732273723578,0.5571367085932417,2.1956964503697756
-0.33199999999999985,2.0500822148573605,1.1826689829664614,1.6745540195537245,0.08719629857723821,0.04010728617422249,0.1890942077300955,0.6261333638745753,0.5591288946224139,2.2219212096650773
-0.32999999999999985,2.0796058744634744,1.2151476872926301,1.6876541977461985,0.0868891468485907,0.04017264327793147,0.18949393365209383,0.6218518908663291,0.56113523426763,2.248634174925721
-0.32799999999999985,2.1094656750221996,1.2484970319151354,1.7003236737150844,0.08658414986849979,0.040238213702266656,0.18989535066367047,0.6176276571696733,0.5631558773096772,2.2758424567616244
-0.32599999999999985,2.1396654444720844,1.282738472722654,1.7125274376970072,0.08628128505830464,0.04030399849316497,0.19029846950342358,0.6134595411414352,0.5651909756267293,2.3035528073585185
-0.32399999999999984,2.170208402423784,1.317893252841354,1.7242279095485111,0.08598053015347687,0.04036999870341122,0.19070330100093127,0.609346449750148,0.5672406832307505,2.3317715551501204
-0.32199999999999984,2.201097085474074,1.353982273404942,1.7353847939254414,0.08568186319818023,0.040436215392694326,0.19110985607771608,0.6052873176866457,0.5693051563046477,2.360504532667973
-0.31999999999999984,2.2323332654919597,1.3910259467206063,1.7459549317700145,0.08538526253994293,0.04050264962766386,0.1915181457482211,0.6012811065069257,0.5713845532401951,2.389756997021953
-0.31799999999999984,2.2639178603944847,1.4290440300535525,1.7558921489605912,0.08509070682443999,0.04056930248198743,0.1919281811207987,0.5973268038059598,0.5734790346767424,2.419533542442828
-0.31599999999999984,2.2958508369235227,1.4680554381420285,1.7651471032024657,0.08479817499038256,0.040636175036408366,0.19233997339871237,0.5934234224211877,0.5755887635407309,2.4498380043008416
-0.31399999999999983,2.328131104935337,1.5080780324516485,1.7736671304966432,0.08450764626451211,0.04070326837880418,0.19275353388115066,0.5895699996644863,0.5777139050860344,2.4806733540023287
-0.31199999999999983,2.3607564027232266,1.5491283850867195,1.781396092820831,0.0842191001566969,0.04077058360424548,0.19316887396425447,0.585765596581459,0.5798546269351453,2.5120415841616883
-0.30999999999999983,2.3937231729125794,1.5912215152029294,1.7882742289967613,0.08393251645512789,0.0408381218150555,0.1935860051421579,0.5820092972369489,0.5820110991212275,2.543943583450599
-0.30799999999999983,2.4270264284991496,1.6343705957169243,1.7942380111036675,0.08364787522161256,0.04090588412087027,0.19400493900804178,0.5783002080257179,0.5841834941310526,2.5763790005424996
-0.3059999999999998,2.4606596086482573,1.6785866280921846,1.799220009232641,0.08336515678696324,0.04097387163869931,0.19442568725520143,0.5746374570072877,0.5863719869488488,2.6093460966008695
-0.3039999999999998,2.4946144239375942,1.7238780830069298,1.8031487678629978,0.08308434174647891,0.041042085492987,0.19484826167812788,0.5710201932639842,0.5885767551010761,2.642841585807819
-0.3019999999999998,2.528880690813152,1.7702505047900332,1.8059486976817027,0.08280541095551733,0.04111052681567451,0.19527267417360347,0.5674475862812605,0.5907979787021564,2.676860463498479
-0.2999999999999998,2.5634461551397965,1.8177060776582963,1.8075399872603364,0.08252834552515587,0.041179196746262366,0.19569893674181113,0.5639188253494266,0.5930358405011805,2.7113958215607648
-0.2979999999999998,2.598296304869695,1.8662431520181926,1.80783853965024,0.08225312681793892,0.0412480964318737,0.1961270614874585,0.5604331189859408,0.5952905259296131,2.746438650883572
-0.2959999999999998,2.6334141720271442,1.9158557294244896,1.8067559396511654,0.08197973644370984,0.041317227027317965,0.196557060620917,0.5569896943774612,0.5975622231500256,2.7819776307943114
-0.2939999999999998,2.6687801244223257,1.9665329052360812,1.8041994582460619,0.08170815625552537,0.04138658969515561,0.19698894645937506,0.5535877968408871,0.5998511231058776,2.817998905624065
-0.2919999999999998,2.7043716477636,2.0182582685967936,1.8000721014637953,0.08143836834565078,0.04145618560576297,0.19742273142800684,0.5502266893026573,0.602157419572375,2.8544858487809353
-0.2899999999999998,2.740163119143,2.0710092601180823,1.7942727117182182,0.08117035504163383,0.04152601593739826,0.1978584280611568,0.5469056517955995,0.6044813092084323,2.891418815005101
-0.2879999999999998,2.776125573226976,2.1247564885746244,1.7866961304555513,0.08090409890245591,0.04159608187626787,0.19829604900353887,0.5436239809726557,0.6068229916097645,2.928774881828064
-0.2859999999999998,2.812226462898225,2.1794630090660596,1.7772334316959544,0.08063958271475817,0.0416663846165936,0.19873560701145213,0.5403809896368434,0.6091826693631389,2.9665275816687653
-0.2839999999999998,2.8484294165673476,2.235083566470573,1.7657722367449842,0.08037678948914133,0.04173692536068036,0.19917711495401272,0.53717600628683,0.6115605481018144,3.00464662647528
-0.2819999999999998,2.884693994907274,2.291563809638538,1.752197120933886,0.0801157024565375,0.041807705318984804,0.19962058581440115,0.5340083746775315,0.6139568365622006,3.0430976273657255
-0.2799999999999998,2.920975450358207,2.348839483661856,1.7363901236722232,0.07985630506465204,0.041878725710184334,0.20006603269112724,0.5308774533951691,0.616371746641763,3.0818418123378426
-0.2779999999999998,2.9572244934038525,2.4068356097152144,1.7182313733005996,0.07959858097447428,0.041949987761247184,0.20051346879931142,0.5277826154462412,0.6188054934582112,3.120835745802353
-0.2759999999999998,2.993387070325025,2.465465664397708,1.6975998381435486,0.07934251405685527,0.0420214927075029,0.2009629074719829,0.5247232478598882,0.6212582954099999,3.160031054447227
-0.2739999999999998,3.029404157884039,2.524630773191648,1.6743742147019716,0.07908808838915136,0.04209324179271375,0.20141436216139555,0.5216987513031573,0.6237303742381746,3.1993741647502514
-0.2719999999999998,3.0652115811682674,2.584218935568331,1.6484339630019003,0.07883528825193159,0.042165236269146714,0.2018678464403613,0.5187085397086827,0.6262219550896007,3.238806058313394
-0.2699999999999998,3.100739861602837,2.644104302353998,1.6196604976370386,0.07858409812574824,0.04223747739764641,0.20232337400360165,0.5157520399143309,0.6287332665816074,3.278262052075603
-0.2679999999999998,3.13591410290392,2.704146529144487,1.5879385409100446,0.07833450268796849,0.04230996644770849,0.2027809586691167,0.512828691314364,0.6312645408680861,3.3176716113456046
-0.2659999999999998,3.1706539234511255,2.7641902327153494,1.5531576415989066,0.07808648680966619,0.04238270469755412,0.2032406143795734,0.5099379455217085,0.6338160137070771,3.3569582044498048
-0.2639999999999998,3.204873444168485,2.8240645803740496,1.515213859167448,0.07784003555257224,0.042455693434204904,0.20370235520371235,0.5070792660409181,0.6363879245298867,3.3960392085714792
-0.2619999999999998,3.2384813414693747,2.88358304486603,1.474011608640324,0.07759513416608248,0.04252893395355888,0.20416619533777333,0.5042521279514485,0.6389805165117721,3.4348258770160105
-0.2599999999999998,3.2713809750855374,2.9425433595657853,1.4294656558402872,0.07735176808432155,0.04260242756046703,0.20463214910694066,0.5014560176008694,0.6415940366442375,3.473223378615485
-0.2579999999999998,3.3034706006023913,3.00072771001438,1.3815032462488737,0.07710992292326192,0.04267617556881084,0.20510023096680777,0.4986904323076595,0.644228735808979,3.5111309202190233
-0.2559999999999998,3.334643676197461,3.0579031981374665,1.3300663434672624,0.07686958447789635,0.04275017930158043,0.20557045550486217,0.49595488007323785,0.6468848688535261,3.5484419631327815
-0.2539999999999998,3.3647892723605484,3.113822614409186,1.2751139452560973,0.07663073871946312,0.04282444009095376,0.20604283744199042,0.4932488793029083,0.6495626946686229,3.585044543902825
-0.2519999999999998,3.393792592202042,3.1682255505348658,1.2166244366374959,0.07639337179272264,0.0428989592783763,0.20651739163400396,0.49057195853539787,0.652262476267393,3.62082170890407
-0.24999999999999978,3.421535608277573,3.220839880648972,1.1545979308540673,0.07615747001328431,0.04297373821464196,0.20699413307318554,0.48792365618068606,0.6549844808663372,3.6556520707455102
-0.24799999999999978,3.4478978196362613,3.2713836323523444,1.0890585404970974,0.07592301986498266,0.0430487782599745,0.20747307688985736,0.4853035202658357,0.657728979968213,3.6894104924753317
-0.246,3.472757130021744,3.319567260010738,1.0200565133274042,0.07569000799730174,0.043124080784110036,0.20795423835397048,0.48271110818854357,0.6604962494468438,3.7219689029394414
-0.244,3.4959908448345884,3.365096321582498,0.9476701607833827,0.07545842122284652,0.043199647166380306,0.20843763287671643,0.4801459864781439,0.6632865696339125,3.75319724341175
-0.242,3.517476780651765,3.407674546956038,0.8720075025206313,0.07522824651486044,0.04327547879579676,0.2089232760121611,0.4776077305638056,0.6661002254077873,3.782964541807932
-0.24,3.537094476884825,3.4470072706478443,0.7932075481927996,0.07499947100478843,0.04335157707113573,0.20941118345890122,0.47509592454967553,0.6689375062844406,3.811140106492576
-0.238,3.5547264946774786,3.482805185215892,0.7114411386722965,0.07477208197988369,0.04342794340102421,0.20990137106174392,0.4726101609967272,0.6717987065105135,3.8375948270140534
-0.236,3.5702597835739653,3.514788354554309,0.6269112735427781,0.07454606688085812,0.04350457920402693,0.2103938548134101,0.47015004071108873,0.6746841251585846,3.8622025642223323
-0.23399999999999999,3.583587092048929,3.542690409205398,0.5398528603460313,0.07432141329957487,0.04358148590873388,0.21088865085626082,0.4677151725386273,0.6775940662247012,3.8848416073562384
-0.23199999999999998,3.5946083939255726,3.5662628299562917,0.4505318338944838,0.07409810897678258,0.043658664953849236,0.21138577548404877,0.4653051731655782,0.6805288387282388,3.9053961710803407
-0.22999999999999998,3.6032322992863004,3.585279212373217,0.35924361086110834,0.0738761417998901,0.04373611778828082,0.21188524514369372,0.4629196669250145,0.683488756814148,3.923757901384562
-0.22799999999999998,3.609377415963675,3.5995393946766745,0.2663108654172734,0.07365549980078097,0.043813845871230925,0.21238707643708338,0.46055828560896184,0.6864741398576549,3.9398273560160595
-0.22599999999999998,3.612973626331689,3.6088733255086876,0.17208063516915387,0.07343617115366702,0.04389185067228762,0.21289128612289923,0.45822066828596764,0.6894853125714838,3.9535154229642706
-0.22399999999999998,3.613963244097563,3.6131445475439667,0.07692079199727045,0.07321814417297982,0.043970133671517524,0.21339789111846869,0.4559064611239441,0.6925226051156704,3.964744639700264
-0.22199999999999998,3.612302017255728,3.6122531781281184,-0.018784061677643675,0.0730014073112998,0.04404869635955922,0.2139069085016431,0.45361531721811055,0.6955863532100371,3.9734503765545828
-0.21999999999999997,3.607959946357737,3.606138279403552,-0.11463718568648822,0.07278594915732166,0.04412754023771788,0.21441835551270286,0.45134689642386444,0.698676898249403,3.979581849895845
-0.21799999999999997,3.600921891727461,3.59477952750307,-0.2102346759382965,0.07257175843385583,0.044206666818060736,0.2149322495562892,0.44910086519442116,0.7017945874216078,3.9831029346404763
-0.21599999999999997,3.5911879490609775,3.578198112706263,-0.3051706927378893,0.07235882399586487,0.04428607762351378,0.2154486082033638,0.4468768964230648,0.7049397738284225,3.9839927509712996
-0.21399999999999997,3.578773579749087,3.55645682889977,-0.39904280382220514,0.07214713482853431,0.044365774187959256,0.21596744919319666,0.44467466928985977,0.7081128166094319,3.9822460067542806
-0.21199999999999997,3.563709489918166,3.5296593398430174,-0.4914572953896921,0.07193668004537727,0.04444575805633455,0.21648879043538205,0.4424938691126793,0.7113140810689706,3.977873084709822
-0.20999999999999996,3.5460412602121814,3.4979486399552755,-0.582034304283032,0.0717274488863719,0.044526030784731684,0.21701265001188377,0.44033418720240947,0.7145439388061982,3.9708998715362793
-0.20799999999999996,3.525828736313848,3.461504756839172,-0.6704126312923178,0.07151943071613119,0.044606593940498394,0.21753904617910969,0.438195320722195,0.7178027678484,3.961367334472696
-0.20599999999999996,3.50314519770618,3.4205417698142746,-0.756254108860047,0.07131261502210451,0.044687449102339905,0.21806799737001661,0.4360769725505977,0.7210909527876092,3.9493308587875995
-0.20399999999999996,3.4780763288211802,3.375304241815523,-0.8392474154195274,0.07110699141281022,0.04476859786042209,0.21859952219624515,0.4339788511485414,0.7244088849206376,3.9348593669758833
-0.20199999999999996,3.450719022187874,3.3260631798951192,-0.9191112519359155,0.07090254961609867,0.0448500418164755,0.21913363945028583,0.43190067042992425,0.72775696239262,3.918034246675947
-0.19999999999999996,3.4211800472412723,3.273111651440666,-0.9955968224362454,0.07069927947744481,0.04493178258390082,0.21967036810767693,0.4298421496357797,0.7311355903441632,3.898948119204367
-0.19799999999999995,3.3895746209511812,3.2167601887302792,-1.0684895877809397,0.07049717095827032,0.045013821787875184,0.22020972732923397,0.4278030132118775,0.7345451810622089,3.8777034839633355
-0.19599999999999995,3.3560249173440857,3.1573321136874513,-1.1376102890323685,0.07029621413429422,0.04509616106545995,0.22075173646331206,0.42578299068965414,0.7379861541347158,3.854411275731166
-0.19399999999999995,3.3206585523901575,3.095158908188427,-1.2028152620513763,0.07009639919391152,0.04517880206570932,0.22129641504810146,0.42378181657036845,0.7414589366092676,3.829189372026127
-0.19199999999999995,3.283607078765021,3.0305757438634244,-1.263996087186352,0.0698977164365994,0.04526174644978053,0.22184378281395634,0.4217992302123842,0.7449639631557232,3.802161086459478
-0.18999999999999995,3.245004521891866,2.963917270105229,-1.321078636217627,0.06970015627135036,0.04534499589104493,0.22239385968575898,0.4198349757214793,0.7485016762330226,3.773453681461015
-0.18799999999999994,3.204985984687691,2.8955137411646974,-1.374021592541742,0.06950370921513187,0.045428552075200544,0.22294666578531752,0.41788880184409055,0.7520725262602731,3.7431969302181893
-0.18599999999999994,3.1636863438609075,2.825687543999093,-1.4228145297333623,0.06930836589137178,0.0455124167003856,0.22350222143380014,0.4159604618634033,0.7556769717922346,3.7115217533962297
-0.18399999999999994,3.1212390557174765,2.754750169096172,-1.467475638230746,0.06911411702846935,0.04559659147729369,0.22406054715420495,0.4140497134981961,0.7593154796993364,3.67855895148557
-0.18199999999999994,3.0777750844892777,2.6829996478249365,-1.5080491903363917,0.06892095345833092,0.04568107812928978,0.22462166367386682,0.4121563188043599,0.7629885253523561,3.644438048724804
-0.17999999999999994,3.033421961427014,2.610718462765968,-1.5446028305815744,0.06872886611493029,0.045765878392527895,0.22518559192700133,0.4102800440790082,0.7666965928118952,3.609286259712935
-0.17799999999999994,2.9883029784823294,2.5381719225324746,-1.5772247724640145,0.06853784603289283,0.04585099401606985,0.22575235305728703,0.4084206597671004,0.7704401750227955,3.5732275852544264
-0.17599999999999993,2.942536516473713,2.4656069801679568,-1.606020974373717,0.06834788434610331,0.04593642676200551,0.22632196842048624,0.40657794037050066,0.7742197740136393,3.5363820398285832
-0.17399999999999993,2.8962355042746806,2.3932514644535434,-1.6311123579055433,0.06815897228633648,0.04602217840557407,0.22689445958710505,0.40475166435940324,0.7780359011014826,3.498865009447855
-0.17199999999999993,2.8495070028228224,2.321313686357673,-1.652632121394491,0.06797110118191048,0.04610825073528728,0.2274698483450939,0.4029416140860481,0.781889077101979,3.4607867356293824
-0.16999999999999993,2.802451905629254,2.249982378254407,-1.670723190989362,0.06778426245636235,0.046194645553053276,0.22804815670258818,0.40114757570066295,0.78577983254505,3.4222519187719174
-0.16799999999999993,2.755164745943529,2.1794269211658857,-1.6855358413832255,0.06759844762714515,0.04628136467430258,0.22862940689069086,0.39936933906956285,0.78970870789627,3.3833594323946414
-0.16599999999999993,2.707733599750202,2.10979781482795,-1.6972255088123662,0.06741364830434664,0.04636840992811488,0.22921362136629722,0.3976066976953451,0.7936762537841332,3.344202138417772
-0.16399999999999992,2.6602400732760594,2.041227346485707,-1.7059508103760588,0.06722985618942866,0.04645578315734775,0.2298008228149625,0.3958594486391158,0.7976830312333804,3.304866792891662
-0.16199999999999992,2.6127593635984647,1.9738304166445777,-1.7118717762730205,0.0670470630739871,0.046543486218766375,0.23039103415381296,0.3941273924446913,0.8017296119045652,3.2654340312445767
-0.15999999999999992,2.565360381190503,1.9077054831983409,-1.7151482952668746,0.06686526083853203,0.046631520983175204,0.23098427853450212,0.39241033306471385,0.8058165783400473,3.225978422147414
-0.15799999999999992,2.51810592374343,1.8429355891272325,-1.715938768581214,0.06668444145128767,0.04671988933555063,0.23158057934621157,0.3907080777886269,0.8099445242166061,3.186568579414035
-0.15599999999999992,2.471052891303393,1.7795894430464563,-1.7143989634319257,0.06650459696701137,0.04680859317517563,0.23217996021869833,0.389020437172457,0.8141140546048735,3.147267321899781
-0.15399999999999991,2.4242525335855256,1.7177225260735205,-1.710681054438683,0.06632571952583212,0.04689763441577552,0.23278244502538903,0.387347224970348,0.818325786235792,3.1081318720651234
-0.1519999999999999,2.377750721232016,1.6573782026021842,-1.7049328391049678,0.06614780135210738,0.046987014985655634,0.23338805788652167,0.3856882580677996,0.8225803477743114,3.0692140846810987
-0.1499999999999999,2.331588233717127,1.598588816494111,-1.6972971122900402,0.0659708347532982,0.047076736827840304,0.23399682317233633,0.3840433564165585,0.8268783801005419,3.0305606980210267
-0.1479999999999999,2.2858010575363625,1.5413767578374404,-1.6879111839883323,0.06579481211886258,0.04716680190021361,0.23460876550631507,0.3824123429711172,0.8312205365985909,2.992213600770607
-0.1459999999999999,2.2404206892217267,1.485755488717891,-1.6769065246570596,0.06561972591916615,0.04725721217566157,0.23522390976847266,0.38079504362677424,0.8356074834533154,2.954210108765289
-0.1439999999999999,2.1954744385804603,1.4317305193729295,-1.6644085226759415,0.06544556870441037,0.04734796964221621,0.23584228109869806,0.37919128715921063,0.8400398999552386,2.9165832465067147
-0.1419999999999999,2.150985728347225,1.3793003286445975,-1.6505363391801915,0.06527233310357769,0.047439076303201044,0.23646390490014832,0.37760090516554,0.8445184788138679,2.8793620292025124
-0.1399999999999999,2.106974387161038,1.3284572248195046,-1.6354028463890762,0.06510001182339324,0.04753053417737844,0.23708880684269637,0.37602373200679234,0.8490439264796816,2.842571741804814
-0.1379999999999999,2.063456933424547,1.2791881447645936,-1.6191146365812252,0.06492859764730309,0.04762234529909847,0.23771701286643204,0.3744596047517887,0.8536169634750458,2.8062342121860278
-0.1359999999999999,2.020446848173576,1.2314753907614757,-1.601772089981408,0.06475808343446843,0.04771451171844981,0.23834854918521844,0.3729083631223704,0.8582383247343358,2.7703680761831677
-0.1339999999999999,1.9779548355813665,1.185297305642068,-1.5834694909714444,0.0645884621187756,0.04780703550141199,0.23898344229030521,0.37136984943994317,0.862908759953546,2.734989032764228
-0.1319999999999999,1.9359890701481943,1.1406288877676483,-1.5642951831809775,0.06441972670786156,0.04789991873000981,0.23962171895399817,0.3698439085733012,0.8676290339496778,2.700110088024352
-0.1299999999999999,1.8945554299879643,1.097442348106084,-1.544331755122676,0.06425187028215462,0.04799316350246923,0.24026340623338777,0.3683303878876939,0.8723999270302124,2.6657417871092317
-0.1279999999999999,1.853657715924703,1.055707612180719,-1.523656249089955,0.06408488599393003,0.04808677193337536,0.24090853147413654,0.36682913719510446,0.8772222353729734,2.6318924334933946
-0.1259999999999999,1.8132978563595028,1.0153927700199747,-1.5023403870192436,0.0639187670663803,0.048180746153832034,0.24155712231432744,0.36534000870570227,0.8820967714167033,2.598568295316838
-0.12399999999999989,1.7734760980686755,0.9764644774572,-1.4804508079247791,0.06375350679269991,0.04827508831162353,0.24220920668837304,0.3638628569804422,0.8870243642626878,2.5657737987105986
-0.12199999999999989,1.734191183252253,0.938888312240862,-1.458049312337328,0.06358909853518396,0.04836980057137791,0.24286481283098857,0.3623975388847749,0.8920058600877658,2.533511708225742
-0.11999999999999988,1.6954405132746257,0.9026290884380638,-1.4351931099187998,0.0634255357243411,0.04846488511473257,0.24352396928122794,0.3609439135434419,0.8970421225690786,2.501783294626392
-0.11799999999999988,1.6572202996307996,0.8676511325687128,-1.4119350670836912,0.0632628118580197,0.048560344140501435,0.24418670488658506,0.35950184229632304,0.9021340333209276,2.470588490420816
-0.11599999999999988,1.6195257027375876,0.8339185248099006,-1.3883239520394928,0.06310092050054755,0.04865617986484452,0.24485304880716177,0.3580711886553104,0.9072824923441067,2.439926033590078
-0.11399999999999988,1.582350959193218,0.8013953084739469,-1.3644046751662957,0.06293985528188488,0.04875239452143903,0.2455230305199033,0.3566518182621793,0.9124884184881089,2.4097936000354436
-0.11199999999999988,1.5456894981751739,0.7700456708005893,-1.3402185230962491,0.06277960989678995,0.048848990361652946,0.24619667982290225,0.35524359884743073,0.9177527499265943,2.380187925307708
-0.10999999999999988,1.509534047657919,0.7398340979232596,-1.3158033852322228,0.06262017810399766,0.04894596965472033,0.2468740268397734,0.3538464001900797,0.9230764446465413,2.3511049162070834
-0.10799999999999987,1.47387673113257,0.7107255066788832,-1.2911939717680203,0.0624615537254104,0.04904333468791897,0.24755510202409928,0.3524600940783624,0.9284604809515016,2.322539752854404
-0.10599999999999987,1.4387091555018472,0.6826853557361018,-1.2664220225455298,0.06230373064530128,0.049141087766749914,0.2482399361639489,0.351084554271341,0.9339058579793977,2.294486981835717
-0.10399999999999987,1.4040224908081955,0.6556797383228734,-1.2415165063131854,0.06214670280952929,0.04923923121511943,0.2489285603864714,0.3497196564613797,0.9394135962353136,2.2669406010150537
-0.10199999999999987,1.3698075424324214,0.6296754586446257,-1.2165038101401204,0.0619904642247663,0.04933776737552281,0.2496210061625643,0.34836527823746966,0.9449847381397467,2.239894136596293
-0.09999999999999987,1.336054816376296,0.6046400939010619,-1.191407918896636,0.06183500895773574,0.04943669860923076,0.2503173053116195,0.3470212990493834,0.9506203485927975,2.213340712996076
-0.09799999999999986,1.302754578216458,0.5805420436352278,-1.166250584838342,0.06168033113446261,0.049536027296477686,0.2510174900063479,0.34568760017263167,0.9563215155547904,2.1872731160671117
-0.09599999999999986,1.2698969062898724,0.5573505679837123,-1.141051487432895,0.061526424939534675,0.049635755836652515,0.25172159277768413,0.3443640646742076,0.9620893506438378,2.16168385018601
-0.09399999999999986,1.2374717396438828,0.5350358162426727,-1.1158283836481282,0.061373284615374765,0.04973588664849163,0.252429646519773,0.34305057737909395,0.9679249897508668,2.1365651896929356
-0.09199999999999986,1.2054689212574028,0.513568847021028,-1.090597248981941,0.06122090446152385,0.04983642217027428,0.25314168449503915,0.34174702483751535,0.973829593672649,2.1119092251426035
-0.08999999999999986,1.173878237014671,0.49292164111975206,-1.0653724095603763,0.0610692788339347,0.04993736486002033,0.25385774033934144,0.340453295292916,0.9798043487633864,2.087707904798061
-0.08799999999999986,1.142689450889918,0.4730671081544978,-1.0401666656634614,0.06091840214427609,0.0500387171956903,0.25457784806721484,0.33916927865064456,0.985850467605424,2.063953071770787
-0.08599999999999985,1.1118923367807503,0.45397908782752405,-1.0149914070606936,0.060768268859247195,0.05014048167538806,0.25530204207719903,0.3378948664473276,0.9919691896996746,2.0406364971832205
-0.08399999999999985,1.081476707410758,0.435632346653533,-0.9898567205515909,0.06061887349990214,0.050242660817565774,0.2560303571572588,0.3366299518209143,0.9981617821763574,2.017749909703228
-0.08199999999999985,1.0514324407082456,0.4180025708521089,-0.9647714901129314,0.060470210640984415,0.050345257161231546,0.2567628284902947,0.33537442948137625,1.0044295405266666,1.9952850217744071
-0.07999999999999985,1.0217495040588527,0.4010663560363077,-0.939743490054743,0.060322274910271076,0.05044827326615939,0.257499491659748,0.3341281956820444,1.0107737893560078,1.9732335528416545
-0.07799999999999985,0.9924179768258825,0.38480119425209086,-0.9147794715828195,0.060175060987926576,0.050551711713102146,0.25824038265530147,0.33289114819156795,1.0171958831594505,1.951587249848182
-0.07599999999999985,0.963428071534398,0.3691854588559508,-0.8898852431576838,0.060028563605865885,0.05065557510400647,0.2589855378786767,0.33166318626647934,1.0236972071200627,1.930337905258244
-0.07399999999999984,0.9347701541246763,0.3541983876578093,-0.8650657450291737,0.059882777547127036,0.05075986606223106,0.2597349941495309,0.3304442106243503,1.0302791779308158,1.9094773728391676
-0.07199999999999984,0.9064347636990433,0.3398200647023539,-0.8403251183130424,0.059737697645252635,0.05086458723276718,0.2604887887114557,0.32923412341752506,1.036943244640752,1.8889975814170201
-0.06999999999999984,0.8784126322153172,0.3260314010139308,-0.8156667689616486,0.059593318783680425,0.05096974128246207,0.2612469592380783,0.32803282820741353,1.0436908895261388,1.8688905468021653
-0.06799999999999984,0.8506947046226635,0.312814114587371,-0.7910934269654626,0.05944963589514262,0.05107533090024511,0.2620095438392684,0.3268402299393345,1.050523628987336,1.8491483820642463
-0.06599999999999984,0.8232721599949723,0.3001507098691931,-0.7666072011061511,0.05930664396107388,0.05118135879735677,0.26277658106745294,0.3256562349178924,1.0574430144721263,1.8297633063205474
-0.06399999999999983,0.796136434297344,0.2880244569400401,-0.7422096295657207,0.05916433801102778,0.05128782770758049,0.2635481099240398,0.32448075078287586,1.0644506334262664,1.8107276521873286
-0.06199999999999983,0.7692792455288974,0.27641937057952437,-0.7179017266798633,0.05902271312210162,0.05139474038747735,0.2643241698659542,0.3233136864856648,1.0715481102720428,1.7920338720304205
-0.05999999999999983,0.7426926221279236,0.2653201893685071,-0.6936840261074997,0.05888176441836972,0.05150209961662377,0.26510480081228843,0.3221549522661333,1.078737107415618,1.7736745431391396
-0.05799999999999983,0.7163689357141573,0.25471235496080735,-0.6695566206726314,0.058741487070324255,0.05160990819785209,0.2658900431510688,0.32100445963003754,1.0860193262839712,1.7556423719363274
-0.05599999999999983,0.6903009394925159,0.2445819916361636,-0.6455191991192344,0.05860187629432474,0.051718168957494336,0.26667993774614124,0.31986212132687525,1.0933965083922497,1.737930197326972
-0.053999999999999826,0.6644818139732411,0.2349158862285779,-0.6215710800050231,0.05846292735205474,0.05182688474562887,0.26747452594417753,0.31872785132820675,1.1008704364423545,1.7205309932783879
-0.051999999999999824,0.6389052221031247,0.22570146850874478,-0.5977112429456545,0.058324635549986535,0.05193605843633028,0.26827384958180706,0.31760156480642565,1.1084429354536007,1.7034378707162618
-0.04999999999999982,0.613565376490592,0.2169267920858276,-0.5739383574073037,0.05818699623885348,0.0520456929279224,0.26907795099287246,0.3164831781139683,1.1161158739262893,1.686644078812922
-0.04799999999999982,0.588457122199063,0.20858051588217486,-0.5502508092325977,0.058050004813129566,0.052155791143234466,0.26988687301581665,0.3153726087629521,1.1238911650390435,1.6701430057369278
-0.04599999999999982,0.5635760396567207,0.20065188622447455,-0.5266467250726183,0.057913656710516376,0.05226635602986068,0.27070065900119994,0.31426977540523254,1.1317707678807583,1.653928178926475
-0.04399999999999982,0.5389185736992582,0.19313071958614064,-0.5031239948861337,0.057777947411437325,0.05237739056042295,0.27151935281935197,0.31317459781286794,1.1397566887180188,1.637993264943057
-0.041999999999999815,0.5144821967886559,0.18600738600825303,-0.4796802926563255,0.057642872438538884,0.052488897732836964,0.272342998868161,0.3120869968589831,1.1478509822988383,1.6223320689563334
-0.039999999999999813,0.4902656172747935,0.17927279321998724,-0.45631309546509624,0.057508427356198814,0.05260088057058179,0.2731716420810029,0.3110068944990226,1.1560557531935587,1.6069385339061422
-0.03799999999999981,0.466269047541672,0.1729183714740414,-0.4330197010554871,0.05737460777004129,0.052713342122972864,0.27400532793481386,0.3099342137523832,1.1643731571737583,1.5918067393830537
-0.03599999999999981,0.442494552535589,0.16693605910799053,-0.40979724400386663,0.05724140932645874,0.05282628546543842,0.27484410245830754,0.3088688786844195,1.172805402629978,1.5769309002647092
-0.03399999999999981,0.4189465073082101,0.16131828883865518,-0.3866427106152608,0.057108827712140216,0.05293971369979958,0.27568801224034334,0.30781081438880936,1.1813547520290903,1.5623053651414447
-0.031999999999999806,0.39563220404227323,0.15605797479338618,-0.3635529526475253,0.05697685865360647,0.053053629954553955,0.2765371044384451,0.30675994697027564,1.1900235234120782,1.5479246145612724
-0.029999999999999805,0.37256266643562824,0.15114850027955756,-0.34052469996296275,0.056845497916751385,0.05316803738516308,0.2773914267874763,0.3057162035276526,1.198814091932985,1.5337832591212202
-0.027999999999999803,0.3497537551976906,0.1465837062914404,-0.3175545721994108,0.056714741306389635,0.053282939174343354,0.2782510276084738,0.30467951213729066,1.207728891439758,1.5198760374291986
-0.0259999999999998,0.3272276872472142,0.14235788075196434,-0.2946390895468049,0.056584584665810705,0.05339833853236085,0.27911595581764326,0.30364980183679047,1.2167704160976511,1.5061978139580536
-0.0239999999999998,0.3050151498952255,0.13846574848557797,-0.2717746827096585,0.05645502387633893,0.053514238697330074,0.2799862609355207,0.3026270026090606,1.2259412220558241,1.492743576811131
-0.021999999999999797,0.2831582802632807,0.13490246191746563,-0.24895770213083457,0.05632605485689959,0.05363064293551638,0.28086199309630355,0.3016110453666888,1.235243929157683,1.479508435416628
-0.019999999999999796,0.2617149143646631,0.13166359249370943,-0.2261844265473495,0.05619767356359091,0.053747554541642574,0.2817432030573532,0.3006018619366219,1.244681222695472,1.466487618166097
-0.017999999999999794,0.24076470862154856,0.1287451228165741,-0.2034510709447469,0.056069875989261976,0.05386497683919935,0.28262994220887533,0.29959938504514655,1.2542558552095058,1.453676470010791
-0.015999999999999792,0.220418015056941,0.1261434394888936,-0.1807537939727787,0.05594265816309621,0.05398291318075994,0.28352226258378055,0.29860354830316366,1.2639706483323705,1.4410704500279787
-0.01399999999999979,0.20082873438233745,0.12385532666153115,-0.15808870488171145,0.05581601615020069,0.054101366948298764,0.2844202168677285,0.2976142861917499,1.273828494678279,1.428665128967991
-0.011999999999999789,0.1822126403344667,0.12187796027803836,-0.13545187003553194,0.05568994605120092,0.054220341553514365,0.2853238584093608,0.2966315340480004,1.283832359777662,1.4164561867914927
-0.009999999999999787,0.16487235149663068,0.12020890301093062,-0.11283931905562533,0.05556444400184108,0.05433984043815666,0.28623324123072685,0.29565522805114586,1.2939852840569157,1.4044394102053621
-0.007999999999999785,0.14922776419976239,0.11884609988440287,-0.09024705064613703,0.05543950617258967,0.05445986707435831,0.28714842003790514,0.29468530520893754,1.304290384863076,1.3926106902045203
-0.005999999999999783,0.13584311834657237,0.11778787457881976,-0.06767103815019458,0.05531512876825048,0.05458042496497081,0.2880694502318268,0.293721703344295,1.314750858532986,1.3809660196261677
-0.0039999999999997815,0.1254247523564919,0.1170329264129011,-0.04510723488443724,0.055191308027578725,0.0547015176439047,0.2889963879193033,0.29276436108221016,1.3253699825063165,1.3695014907220329
-0.0019999999999997797,0.11874151171960752,0.11658032800017845,-0.02255157929787835,0.05506804022290236,0.05482314867647457,0.28992928992426564,0.291813217836902,1.3361511174815792,1.358213292753519
2.220446049250313e-16,0.1164295235770091,0.1164295235770091,2.5036528132317098e-15,0.054945321659748456,0.05494532165974854,0.29086821379921635,0.29086821379921635,1.3470977096139565,1.3470977096139558
0.002000000000000224,0.11874151171960852,0.11658032800017852,0.022551579297883362,0.054823148676474476,0.05506804022290244,0.291813217836902,0.28992928992426575,1.3582132927535198,1.3361511174815786
0.004000000000000226,0.12542475235649378,0.11703292641290122,0.045107234884442245,0.054701517643904615,0.0551913080275788,0.29276436108221005,0.2889963879193034,1.3695014907220338,1.3253699825063159
0.006000000000000227,0.135843118346575,0.11778787457881995,0.06767103815019959,0.054580424964970724,0.055315128768250565,0.2937217033442949,0.2880694502318268,1.3809660196261684,1.3147508585329848
0.008000000000000007,0.14922776419976402,0.118846099884403,0.09024705064613954,0.054459867074358244,0.05543950617258976,0.2946853052089374,0.2871484200379053,1.3926106902045197,1.3042903848630767
0.010000000000000009,0.1648723514966325,0.12020890301093079,0.11283931905562786,0.05433984043815658,0.05556444400184116,0.29565522805114564,0.2862332412307269,1.4044394102053612,1.2939852840569162
0.01200000000000001,0.18221264033446874,0.12187796027803857,0.13545187003553447,0.054220341553514295,0.055689946051201,0.29663153404800024,0.285323858409361,1.4164561867914922,1.2838323597776624
0.014000000000000012,0.2008287343823396,0.1238553266615314,0.158088704881714,0.05410136694829868,0.05581601615020077,0.29761428619174973,0.2844202168677286,1.42866512896799,1.2738284946782799
0.016000000000000014,0.22041801505694322,0.12614343948889387,0.18075379397278118,0.05398291318075987,0.055942658163096286,0.2986035483031635,0.28352226258378077,1.4410704500279783,1.263970648332371
0.018000000000000016,0.2407647086215509,0.1287451228165744,0.20345107094474943,0.05386497683919928,0.056069875989262045,0.29959938504514644,0.28262994220887544,1.4536764700107903,1.254255855209506
0.020000000000000018,0.2617149143646654,0.13166359249370976,0.226184426547352,0.0537475545416425,0.056197673563591,0.30060186193662175,0.2817432030573533,1.4664876181660962,1.2446812226954727
0.02200000000000002,0.28315828026328305,0.134902461917466,0.24895770213083707,0.0536306429355163,0.05632605485689968,0.30161104536668865,0.2808619930963038,1.4795084354166277,1.2352439291576842
0.02400000000000002,0.30501514989522804,0.1384657484855784,0.2717746827096611,0.053514238697330005,0.056455023876339015,0.30262700260906056,0.27998626093552087,1.492743576811131,1.2259412220558246
0.026000000000000023,0.32722768724721674,0.14235788075196482,0.2946390895468075,0.05339833853236078,0.056584584665810796,0.30364980183679036,0.27911595581764337,1.5061978139580534,1.2167704160976518
0.028000000000000025,0.3497537551976931,0.14658370629144085,0.3175545721994133,0.053282939174343284,0.05671474130638972,0.30467951213729044,0.278251027608474,1.5198760374291982,1.2077288914397586
0.030000000000000027,0.3725626664356308,0.15114850027955806,0.3405246999629653,0.05316803738516303,0.056845497916751454,0.30571620352765244,0.2773914267874765,1.5337832591212195,1.1988140919329855
0.03200000000000003,0.3956322040422759,0.1560579747933868,0.36355295264752796,0.0530536299545539,0.056976858653606556,0.3067599469702755,0.2765371044384452,1.547924614561272,1.1900235234120788
0.03400000000000003,0.4189465073082126,0.1613182888386558,0.38664271061526334,0.052939713699799516,0.057108827712140285,0.30781081438880914,0.27568801224034345,1.562305365141444,1.181354752029091
0.03600000000000003,0.44249455253559156,0.1669360591079912,0.4097972440038692,0.05282628546543836,0.05724140932645882,0.30886887868441937,0.27484410245830765,1.5769309002647085,1.1728054026299786
0.038000000000000034,0.4662690475416747,0.1729183714740421,0.4330197010554897,0.052713342122972795,0.05737460777004137,0.3099342137523832,0.27400532793481397,1.5918067393830528,1.1643731571737588
0.040000000000000036,0.49026561727479623,0.17927279321998796,0.45631309546509885,0.05260088057058174,0.05750842735619889,0.3110068944990224,0.2731716420810031,1.606938533906142,1.1560557531935596
0.04200000000000004,0.5144821967886587,0.18600738600825378,0.47968029265632817,0.05248889773283689,0.05764287243853896,0.3120869968589831,0.27234299886816116,1.6223320689563332,1.1478509822988392
0.04400000000000004,0.5389185736992607,0.1931307195861414,0.5031239948861361,0.05237739056042288,0.0577779474114374,0.3131745978128678,0.27151935281935213,1.6379932649430569,1.1397566887180195
0.04600000000000004,0.5635760396567234,0.2006518862244754,0.526646725072621,0.052266356029860614,0.057913656710516466,0.3142697754052325,0.2707006590012001,1.6539281789264748,1.131770767880759
0.04800000000000004,0.5884571221990658,0.20858051588217583,0.5502508092326004,0.05215579114323439,0.058050004813129656,0.315372608762952,0.2698868730158168,1.6701430057369275,1.1238911650390442
0.050000000000000044,0.6135653764905946,0.21692679208582852,0.5739383574073063,0.05204569292792231,0.05818699623885357,0.3164831781139681,0.26907795099287257,1.6866440788129222,1.1161158739262897
0.052000000000000046,0.6389052221031276,0.22570146850874578,0.5977112429456571,0.05193605843633021,0.058324635549986605,0.3176015648064256,0.2682738495818072,1.703437870716262,1.1084429354536014
0.05400000000000005,0.6644818139732442,0.234915886228579,0.621571080005026,0.0518268847456288,0.058462927352054814,0.3187278513282067,0.2674745259441777,1.7205309932783879,1.1008704364423552
0.05600000000000005,0.6903009394925189,0.24458199163616473,0.6455191991192372,0.05171816895749426,0.058601876294324826,0.3198621213268751,0.26667993774614135,1.737930197326972,1.0933965083922503
0.05800000000000005,0.7163689357141599,0.25471235496080835,0.6695566206726339,0.051609908197852015,0.058741487070324346,0.3210044596300373,0.26589004315106896,1.7556423719363277,1.0860193262839721
0.06000000000000005,0.7426926221279266,0.2653201893685083,0.6936840261075023,0.051502099616623685,0.05888176441836978,0.3221549522661332,0.26510480081228854,1.7736745431391392,1.078737107415619
0.062000000000000055,0.7692792455289006,0.2764193705795257,0.7179017266798662,0.05139474038747728,0.05902271312210171,0.3233136864856647,0.26432416986595436,1.7920338720304203,1.0715481102720432
0.06400000000000006,0.7961364342973469,0.2880244569400413,0.7422096295657232,0.051287827707580426,0.059164338011027835,0.3244807507828758,0.26354810992404,1.8107276521873288,1.0644506334262671
0.06600000000000006,0.8232721599949754,0.30015070986919445,0.7666072011061538,0.05118135879735671,0.05930664396107396,0.32565623491789236,0.2627765810674531,1.8297633063205476,1.0574430144721274
0.06800000000000006,0.8506947046226664,0.31281411458737246,0.7910934269654651,0.05107533090024504,0.05944963589514271,0.32684022993933437,0.26200954383926855,1.8491483820642463,1.0505236289873372
0.07000000000000006,0.8784126322153201,0.32603140101393224,0.8156667689616511,0.050969741282462004,0.059593318783680495,0.3280328282074134,0.2612469592380784,1.8688905468021653,1.0436908895261394
0.07200000000000006,0.9064347636990467,0.33982006470235554,0.8403251183130453,0.05086458723276711,0.0597376976452527,0.32923412341752495,0.26048878871145587,1.8889975814170201,1.036943244640753
0.07400000000000007,0.9347701541246795,0.3541983876578109,0.8650657450291765,0.05075986606223099,0.05988277754712711,0.33044421062435025,0.25973499414953105,1.9094773728391679,1.0302791779308162
0.07600000000000007,0.9634280715344009,0.36918545885595244,0.8898852431576865,0.05065557510400639,0.06002856360586597,0.33166318626647917,0.25898553787867684,1.930337905258244,1.0236972071200638
0.07800000000000007,0.9924179768258855,0.3848011942520926,0.9147794715828221,0.05055171171310208,0.06017506098792665,0.3328911481915679,0.2582403826553017,1.9515872498481825,1.0171958831594512
0.08000000000000007,1.021749504058856,0.40106635603630963,0.9397434900547459,0.05044827326615934,0.06032227491027116,0.3341281956820444,0.25749949165974817,1.9732335528416538,1.0107737893560085
0.08200000000000007,1.051432440708249,0.4180025708521106,0.9647714901129343,0.05034525716123147,0.0604702106409845,0.3353744294813762,0.2567628284902948,1.9952850217744071,1.0044295405266672
0.08400000000000007,1.0814767074107612,0.43563234665353523,0.9898567205515933,0.050242660817565704,0.06061887349990222,0.33662995182091415,0.256030357157259,2.0177499097032285,0.9981617821763584
0.08600000000000008,1.1118923367807536,0.45397908782752583,1.0149914070606965,0.05014048167538798,0.060768268859247285,0.3378948664473275,0.2553020420771992,2.040636497183222,0.9919691896996754
0.08800000000000008,1.1426894508899215,0.47306710815450026,1.040166665663464,0.05003871719569024,0.060918402144276164,0.3391692786506445,0.25457784806721495,2.0639530717707872,0.9858504676054249
0.09000000000000008,1.1738782370146748,0.4929216411197547,1.0653724095603792,0.049937364860020254,0.06106927883393479,0.34045329529291596,0.25385774033934166,2.087707904798061,0.9798043487633874
0.09200000000000008,1.2054689212574055,0.5135688470210307,1.0905972489819429,0.04983642217027421,0.06122090446152393,0.34174702483751523,0.2531416844950392,2.111909225142604,0.9738295936726499
0.09400000000000008,1.2374717396438863,0.5350358162426746,1.1158283836481315,0.04973588664849156,0.06137328461537485,0.34305057737909395,0.2524296465197732,2.136565189692936,0.9679249897508676
0.09600000000000009,1.2698969062898762,0.5573505679837151,1.1410514874328979,0.049635755836652445,0.06152642493953476,0.34436406467420755,0.25172159277768436,2.161683850186011,0.9620893506438384
0.09800000000000009,1.3027545782164618,0.5805420436352305,1.1662505848383447,0.04953602729647763,0.061680331134462696,0.34568760017263156,0.25101749000634804,2.187273116067113,0.9563215155547911
0.10000000000000009,1.3360548163763004,0.6046400939010648,1.1914079188966393,0.049436698609230695,0.061835008957735825,0.3470212990493834,0.2503173053116196,2.213340712996077,0.9506203485927983
0.10200000000000009,1.369807542432425,0.6296754586446286,1.2165038101401229,0.049337767375522736,0.06199046422476638,0.34836527823746966,0.24962100616256447,2.2398941365962943,0.9449847381397476
0.10400000000000009,1.404022490808199,0.6556797383228766,1.2415165063131877,0.04923923121511937,0.062146702809529365,0.34971965646137954,0.24892856038647165,2.266940601015055,0.9394135962353143
0.1060000000000001,1.4387091555018514,0.6826853557361049,1.266422022545533,0.049141087766749844,0.06230373064530136,0.35108455427134094,0.2482399361639491,2.2944869818357176,0.9339058579793986
0.1080000000000001,1.4738767311325744,0.7107255066788861,1.2911939717680234,0.04904333468791891,0.062461553725410485,0.3524600940783623,0.24755510202409936,2.3225397528544054,0.9284604809515026
0.1100000000000001,1.509534047657923,0.7398340979232627,1.315803385232226,0.04894596965472027,0.06262017810399773,0.3538464001900796,0.2468740268397736,2.3511049162070847,0.923076444646542
0.1120000000000001,1.5456894981751776,0.770045670800593,1.3402185230962513,0.04884899036165288,0.06277960989679003,0.3552435988474308,0.24619667982290244,2.3801879253077094,0.917752749926595
0.1140000000000001,1.5823509591932232,0.8013953084739502,1.3644046751662995,0.04875239452143896,0.06293985528188498,0.35665181826217923,0.24552303051990346,2.4097936000354445,0.9124884184881097
0.1160000000000001,1.619525702737591,0.8339185248099042,1.388323952039495,0.04865617986484446,0.06310092050054765,0.35807118865531035,0.24485304880716197,2.439926033590079,0.9072824923441076
0.1180000000000001,1.657220299630804,0.8676511325687168,1.4119350670836939,0.048560344140501366,0.06326281185801978,0.359501842296323,0.24418670488658523,2.470588490420817,0.9021340333209283
0.1200000000000001,1.6954405132746304,0.9026290884380673,1.435193109918803,0.048464885114732494,0.06342553572434119,0.36094391354344196,0.2435239692812281,2.5017832946263927,0.8970421225690794
0.12200000000000011,1.7341911832522572,0.9388883122408662,1.4580493123373302,0.04836980057137784,0.06358909853518405,0.36239753888477494,0.24286481283098876,2.533511708225744,0.8920058600877665
0.12400000000000011,1.7734760980686806,0.9764644774572049,1.480450807924782,0.04827508831162347,0.06375350679269999,0.36386285698044224,0.24220920668837317,2.565773798710599,0.8870243642626885
0.1260000000000001,1.8132978563595077,1.0153927700199794,1.5023403870192464,0.04818074615383198,0.0639187670663804,0.3653400087057023,0.24155712231432752,2.5985682953168387,0.8820967714167042
0.1280000000000001,1.8536577159247065,1.055707612180723,1.5236562490899566,0.048086771933375294,0.0640848859939301,0.3668291371951044,0.24090853147413677,2.631892433493397,0.8772222353729743
0.13000000000000012,1.8945554299879694,1.0974423481060895,1.5443317551226785,0.04799316350246917,0.0642518702821547,0.3683303878876939,0.24026340623338793,2.665741787109234,0.8723999270302132
0.13200000000000012,1.9359890701481988,1.140628887767652,1.56429518318098,0.04789991873000974,0.06441972670786164,0.3698439085733011,0.23962171895399836,2.700110088024353,0.8676290339496786
0.13400000000000012,1.9779548355813708,1.1852973056420721,1.5834694909714464,0.04780703550141192,0.06458846211877568,0.3713698494399432,0.23898344229030538,2.734989032764229,0.8629087599535467
0.13600000000000012,2.0204468481735818,1.2314753907614815,1.6017720899814112,0.04771451171844974,0.06475808343446852,0.3729083631223704,0.23834854918521856,2.770368076183169,0.8582383247343367
0.13800000000000012,2.0634569334245514,1.2791881447645983,1.619114636581227,0.0476223452990984,0.06492859764730319,0.3744596047517887,0.2377170128664322,2.8062342121860304,0.8536169634750467
0.14000000000000012,2.106974387161043,1.3284572248195092,1.6354028463890786,0.047530534177378375,0.06510001182339333,0.3760237320067923,0.23708880684269656,2.8425717418048153,0.8490439264796823
0.14200000000000013,2.1509857283472296,1.3793003286446028,1.650536339180193,0.04743907630320097,0.06527233310357777,0.37760090516554007,0.23646390490014849,2.879362029202515,0.8445184788138687
0.14400000000000013,2.1954744385804656,1.4317305193729362,1.6644085226759426,0.047347969642216145,0.06544556870441046,0.37919128715921063,0.23584228109869823,2.9165832465067174,0.8400398999552395
0.14600000000000013,2.240420689221732,1.4857554887178972,1.6769065246570611,0.0472572121756615,0.06561972591916622,0.38079504362677424,0.23522390976847288,2.954210108765291,0.8356074834533161
0.14800000000000013,2.2858010575363683,1.5413767578374475,1.6879111839883338,0.047166801900213544,0.06579481211886266,0.38241234297111715,0.23460876550631524,2.992213600770609,0.8312205365985914
0.15000000000000013,2.3315882337171328,1.598588816494117,1.6972971122900424,0.04707673682784024,0.06597083475329829,0.38404335641655846,0.23399682317233647,3.0305606980210293,0.8268783801005428
0.15200000000000014,2.3777507212320224,1.6573782026021915,1.7049328391049694,0.04698701498565558,0.06614780135210746,0.38568825806779966,0.2333880578865218,3.0692140846811014,0.8225803477743123
0.15400000000000014,2.4242525335855314,1.7177225260735272,1.710681054438684,0.04689763441577545,0.0663257195258322,0.38734722497034807,0.23278244502538925,3.108131872065125,0.8183257862357927
0.15600000000000014,2.4710528913033984,1.779589443046464,1.7143989634319254,0.046808593175175564,0.06650459696701146,0.3890204371724569,0.23217996021869852,3.1472673218997826,0.8141140546048743
0.15800000000000014,2.518105923743435,1.8429355891272396,1.7159387685812135,0.04671988933555057,0.06668444145128775,0.3907080777886269,0.23158057934621176,3.186568579414038,0.809944524216607
0.16000000000000014,2.5653603811905072,1.907705483198348,1.7151482952668737,0.046631520983175134,0.06686526083853213,0.39241033306471385,0.23098427853450226,3.225978422147416,0.805816578340048
0.16200000000000014,2.612759363598471,1.9738304166445855,1.7118717762730211,0.04654348621876631,0.0670470630739872,0.39412739244469136,0.23039103415381315,3.2654340312445793,0.8017296119045659
0.16400000000000015,2.6602400732760634,2.041227346485714,1.7059508103760574,0.04645578315734767,0.06722985618942875,0.3958594486391158,0.22980082281496264,3.304866792891664,0.797683031233381
0.16600000000000015,2.707733599750208,2.1097978148279575,1.6972255088123658,0.04636840992811482,0.06741364830434673,0.3976066976953452,0.22921362136629744,3.3442021384177743,0.7936762537841341
0.16800000000000015,2.755164745943533,2.179426921165893,1.6855358413832229,0.046281364674302515,0.06759844762714524,0.39936933906956296,0.22862940689069106,3.383359432394644,0.789708707896271
0.17000000000000015,2.8024519056292605,2.2499823782544164,1.6707231909893614,0.046194645553053214,0.06778426245636243,0.401147575700663,0.22804815670258838,3.4222519187719196,0.7857798325450509
0.17200000000000015,2.8495070028228255,2.321313686357679,1.652632121394488,0.0461082507352872,0.06797110118191058,0.40294161408604817,0.22746984834509412,3.4607867356293847,0.7818890771019797
0.17400000000000015,2.896235504274687,2.3932514644535523,1.6311123579055422,0.046022178405574016,0.06815897228633656,0.4047516643594032,0.22689445958710533,3.498865009447857,0.7780359011014834
0.17600000000000016,2.9425365164737167,2.465606980167964,1.6060209743737128,0.04593642676200544,0.0683478843461034,0.40657794037050077,0.22632196842048646,3.5363820398285837,0.7742197740136401
0.17800000000000016,2.988302978482334,2.538171922532483,1.5772247724640092,0.04585099401606979,0.06853784603289294,0.40842065976710046,0.22575235305728725,3.5732275852544286,0.770440175022796
0.18000000000000016,3.0334219614270204,2.610718462765977,1.5446028305815722,0.04576587839252783,0.06872886611493036,0.41028004407900837,0.22518559192700158,3.6092862597129356,0.766696592811896
0.18200000000000016,3.0777750844892826,2.6829996478249445,1.5080491903363884,0.04568107812928971,0.068920953458331,0.41215631880436,0.22462166367386702,3.644438048724805,0.762988525352357
0.18400000000000016,3.121239055717481,2.7547501690961798,1.4674756382307408,0.04559659147729363,0.06911411702846945,0.41404971349819625,0.22406054715420515,3.678558951485571,0.7593154796993372
0.18600000000000017,3.163686343860912,2.825687543999101,1.4228145297333568,0.045512416700385534,0.06930836589137189,0.41596046186340346,0.2235022214338003,3.7115217533962297,0.7556769717922354
0.18800000000000017,3.2049859846876947,2.895513741164705,1.374021592541736,0.045428552075200475,0.06950370921513196,0.4178888018440908,0.22294666578531772,3.7431969302181898,0.7520725262602739
0.19000000000000017,3.245004521891871,2.9639172701052363,1.321078636217622,0.04534499589104486,0.06970015627135044,0.4198349757214793,0.22239385968575923,3.7734536814610147,0.7485016762330234
0.19200000000000017,3.2836070787650256,3.030575743863431,1.2639960871863467,0.04526174644978046,0.06989771643659949,0.42179923021238425,0.22184378281395653,3.8021610864594777,0.7449639631557241
0.19400000000000017,3.3206585523901624,3.0951589081884348,1.2028152620513697,0.04517880206570925,0.07009639919391161,0.4237818165703686,0.22129641504810163,3.8291893720261276,0.7414589366092685
0.19600000000000017,3.3560249173440893,3.1573321136874575,1.1376102890323625,0.045096161065459876,0.07029621413429432,0.42578299068965425,0.22075173646331223,3.854411275731166,0.7379861541347166
0.19800000000000018,3.389574620951186,3.2167601887302864,1.0684895877809324,0.045013821787875115,0.07049717095827042,0.42780301321187775,0.2202097273292342,3.8777034839633338,0.7345451810622096
0.20000000000000018,3.4211800472412763,3.273111651440673,0.9955968224362368,0.044931782583900765,0.07069927947744489,0.42984214963577977,0.21967036810767707,3.898948119204365,0.731135590344164
0.20200000000000018,3.450719022187877,3.3260631798951246,0.9191112519359077,0.04485004181647543,0.07090254961609876,0.43190067042992436,0.219133639450286,3.918034246675944,0.7277569623926209
0.20400000000000018,3.4780763288211833,3.375304241815528,0.8392474154195185,0.044768597860422026,0.07110699141281034,0.4339788511485416,0.21859952219624532,3.934859366975882,0.7244088849206385
0.20600000000000018,3.503145197706183,3.420541769814279,0.7562541088600374,0.044687449102339835,0.07131261502210459,0.4360769725505978,0.21806799737001678,3.9493308587875973,0.7210909527876098
0.20800000000000018,3.52582873631385,3.4615047568391764,0.6704126312923082,0.04460659394049833,0.07151943071613129,0.43819532072219525,0.21753904617910988,3.9613673344726927,0.7178027678484008
0.2100000000000002,3.5460412602121836,3.49794863995528,0.5820343042830209,0.04452603078473163,0.07172744888637202,0.4403341872024097,0.2170126500118839,3.9708998715362767,0.714543938806199
0.2120000000000002,3.563709489918168,3.529659339843021,0.49145729538968047,0.04444575805633449,0.0719366800453774,0.4424938691126795,0.21648879043538224,3.97787308470982,0.7113140810689713
0.2140000000000002,3.5787735797490896,3.556456828899774,0.39904280382219515,0.0443657741879592,0.07214713482853441,0.44467466928986,0.21596744919319683,3.9822460067542753,0.7081128166094327
0.2160000000000002,3.5911879490609784,3.5781981127062656,0.3051706927378781,0.04428607762351371,0.07235882399586495,0.4468768964230649,0.215448608203364,3.9839927509712947,0.7049397738284232
0.2180000000000002,3.600921891727462,3.5947795275030714,0.21023467593828588,0.04420666681806068,0.07257175843385594,0.44910086519442133,0.21493224955628934,3.983102934640472,0.7017945874216088
0.2200000000000002,3.607959946357739,3.6061382794035537,0.11463718568647899,0.044127540237717824,0.07278594915732177,0.45134689642386466,0.214418355512703,3.9795818498958386,0.6986768982494037
0.2220000000000002,3.6123020172557285,3.612253178128119,0.01878406167763419,0.04404869635955916,0.07300140731129989,0.45361531721811077,0.2139069085016433,3.973450376554578,0.6955863532100376
0.2240000000000002,3.6139632440975626,3.6131445475439654,-0.0769207919972812,0.04397013367151746,0.07321814417297992,0.4559064611239443,0.21339789111846885,3.9647446397002577,0.6925226051156712
0.2260000000000002,3.6129736263316885,3.6088733255086867,-0.17208063516916375,0.04389185067228756,0.07343617115366712,0.45822066828596775,0.2128912861228994,3.9535154229642644,0.6894853125714845
0.2280000000000002,3.6093774159636753,3.599539394676674,-0.26631086541728405,0.04381384587123086,0.07365549980078108,0.46055828560896206,0.21238707643708357,3.9398273560160524,0.6864741398576557
0.2300000000000002,3.6032322992863013,3.5852792123732162,-0.3592436108611169,0.04373611778828077,0.07387614179989019,0.4629196669250148,0.2118852451436939,3.9237579013845543,0.6834887568141488
0.2320000000000002,3.5946083939255717,3.5662628299562895,-0.45053183389449314,0.04365866495384918,0.07409810897678269,0.4653051731655784,0.21138577548404897,3.905396171080332,0.6805288387282395
0.2340000000000002,3.583587092048928,3.5426904092053952,-0.5398528603460406,0.04358148590873382,0.07432141329957498,0.46771517253862754,0.21088865085626102,3.884841607356229,0.6775940662247019
0.2360000000000002,3.570259783573962,3.514788354554304,-0.6269112735427869,0.043504579204026866,0.07454606688085823,0.47015004071108896,0.21039385481341027,3.862202564222324,0.6746841251585853
0.2380000000000002,3.554726494677476,3.482805185215887,-0.7114411386723055,0.04342794340102417,0.0747720819798838,0.4726101609967275,0.2099013710617441,3.837594827014044,0.6717987065105144
0.2400000000000002,3.537094476884823,3.44700727064784,-0.7932075481928094,0.04335157707113567,0.07499947100478853,0.4750959245496759,0.20941118345890142,3.811140106492567,0.6689375062844412
0.24200000000000021,3.5174767806517644,3.4076745469560343,-0.8720075025206406,0.0432754787957967,0.07522824651486056,0.47760773056380595,0.20892327601216132,3.7829645418079227,0.6661002254077879
0.24400000000000022,3.495990844834587,3.365096321582494,-0.947670160783391,0.04319964716638025,0.0754584212228466,0.48014598647814416,0.20843763287671666,3.75319724341174,0.6632865696339132
0.24600000000000022,3.472757130021741,3.319567260010732,-1.0200565133274122,0.04312408078410998,0.07569000799730187,0.48271110818854385,0.2079542383539707,3.7219689029394325,0.6604962494468445
0.24800000000000022,3.447897819636255,3.271383632352333,-1.089058540497112,0.04304877825997445,0.0759230198649828,0.48530352026583623,0.20747307688985753,3.6894104924753184,0.6577289799682134
0.2500000000000002,3.4215356082775674,3.2208398806489607,-1.1545979308540824,0.042973738214641885,0.07615747001328445,0.48792365618068667,0.2069941330731857,3.6556520707454965,0.6549844808663378
0.2520000000000002,3.3937925922020358,3.1682255505348533,-1.216624436637509,0.04289895927837624,0.07639337179272278,0.4905719585353985,0.20651739163400407,3.6208217089040553,0.6522624762673935
0.2540000000000002,3.364789272360543,3.1138226144091745,-1.2751139452561109,0.04282444009095369,0.07663073871946324,0.49324887930290884,0.2060428374419906,3.5850445439028107,0.6495626946686234
0.2560000000000002,3.334643676197455,3.0579031981374545,-1.3300663434672748,0.04275017930158037,0.07686958447789648,0.4959548800732385,0.2055704555048623,3.5484419631327673,0.6468848688535265
0.25800000000000023,3.3034706006023837,3.0007277100143672,-1.3815032462488843,0.04267617556881076,0.07710992292326206,0.4986904323076602,0.20510023096680785,3.511130920219008,0.6442287358089794
0.26000000000000023,3.2713809750855303,2.942543359565772,-1.4294656558402976,0.04260242756046696,0.0773517680843217,0.5014560176008701,0.20463214910694077,3.4732233786154696,0.6415940366442381
0.26200000000000023,3.2384813414693667,2.883583044866016,-1.4740116086403336,0.042528933953558806,0.07759513416608262,0.5042521279514491,0.20416619533777353,3.434825877015994,0.6389805165117727
0.26400000000000023,3.2048734441684763,2.824064580374036,-1.5152138591674558,0.04245569343420485,0.07784003555257239,0.5070792660409188,0.2037023552037125,3.3960392085714632,0.6363879245298871
0.266,3.1706539234511224,2.764190232715344,-1.5531576415989106,0.04238270469755406,0.0780864868096663,0.5099379455217088,0.2032406143795736,3.3569582044497954,0.6338160137070779
0.268,3.1359141029039166,2.704146529144481,-1.5879385409100477,0.04230996644770843,0.07833450268796863,0.5128286913143645,0.20278095866911688,3.3176716113455935,0.6312645408680869
0.27,3.100739861602832,2.6441043023539903,-1.6196604976370412,0.04223747739764636,0.07858409812574835,0.5157520399143314,0.2023233740036018,3.2782620520755934,0.6287332665816082
0.272,3.065211581168264,2.584218935568325,-1.6484339630019043,0.04216523626914665,0.0788352882519317,0.5187085397086832,0.20186784644036151,3.238806058313383,0.6262219550896011
0.274,3.0294041578840347,2.524630773191641,-1.6743742147019745,0.04209324179271369,0.07908808838915146,0.5216987513031577,0.2014143621613957,3.199374164750241,0.6237303742381753
0.276,2.99338707032502,2.4654656643977004,-1.6975998381435506,0.04202149270750285,0.0793425140568554,0.5247232478598887,0.20096290747198306,3.1600310544472165,0.6212582954100008
0.278,2.9572244934038476,2.4068356097152077,-1.7182313733006007,0.04194998776124713,0.07959858097447436,0.5277826154462415,0.20051346879931167,3.1208357458023417,0.618805493458212
0.28,2.9209754503582013,2.348839483661848,-1.7363901236722243,0.04187872571018427,0.07985630506465213,0.5308774533951697,0.20006603269112747,3.081841812337831,0.6163717466417636
0.28200000000000003,2.8846939949072707,2.2915638096385322,-1.7521971209338878,0.04180770531898475,0.08011570245653761,0.5340083746775319,0.1996205858144013,3.0430976273657153,0.6139568365622012
0.28400000000000003,2.848429416567344,2.235083566470567,-1.765772236744986,0.041736925360680306,0.08037678948914144,0.5371760062868305,0.1991771149540129,3.0046466264752687,0.6115605481018151
0.28600000000000003,2.8122264628982223,2.1794630090660543,-1.7772334316959566,0.04166638461659355,0.08063958271475828,0.5403809896368438,0.1987356070114524,2.966527581668754,0.6091826693631395
0.28800000000000003,2.7761255732269734,2.124756488574619,-1.786696130455553,0.041596081876267815,0.08090409890245603,0.5436239809726562,0.19829604900353906,2.9287748818280535,0.606822991609765
0.29000000000000004,2.740163119142995,2.071009260118075,-1.794272711718219,0.041526015937398214,0.08117035504163395,0.5469056517956,0.19785842806115703,2.8914188150050912,0.604481309208433
0.29200000000000004,2.704371647763597,2.018258268596788,-1.8000721014637968,0.04145618560576291,0.08143836834565088,0.550226689302658,0.19742273142800704,2.854485848780925,0.6021574195723757
0.29400000000000004,2.6687801244223226,1.9665329052360756,-1.8041994582460634,0.041386589695155546,0.0817081562555255,0.5535877968408875,0.19698894645937523,2.817998905624055,0.5998511231058782
0.29600000000000004,2.633414172027141,1.9158557294244845,-1.8067559396511665,0.04131722702731792,0.08197973644370998,0.5569896943774617,0.19655706062091724,2.7819776307943016,0.5975622231500264
0.29800000000000004,2.5982963048696917,1.8662431520181875,-1.8078385396502403,0.04124809643187364,0.08225312681793905,0.5604331189859414,0.19612706148745873,2.746438650883561,0.5952905259296137
0.30000000000000004,2.563446155139794,1.8177060776582916,-1.8075399872603373,0.04117919674626231,0.08252834552515596,0.563918825349427,0.1956989367418113,2.7113958215607554,0.5930358405011811
0.30200000000000005,2.5288806908131476,1.770250504790028,-1.8059486976817016,0.041110526815674446,0.08280541095551743,0.567447586281261,0.19527267417360367,2.676860463498469,0.5907979787021573
0.30400000000000005,2.4946144239375903,1.7238780830069238,-1.8031487678629978,0.041042085492986935,0.08308434174647902,0.5710201932639848,0.1948482616781281,2.64284158580781,0.5885767551010769
0.30600000000000005,2.4606596086482537,1.6785866280921797,-1.7992200092326405,0.04097387163869926,0.08336515678696335,0.5746374570072885,0.1944256872552016,2.6093460966008606,0.5863719869488496
0.30800000000000005,2.427026428499146,1.634370595716919,-1.7942380111036673,0.04090588412087022,0.08364787522161267,0.5783002080257186,0.19400493900804197,2.57637900054249,0.5841834941310534
0.31000000000000005,2.3937231729125763,1.5912215152029248,-1.788274228996761,0.04083812181505546,0.08393251645512803,0.5820092972369495,0.1935860051421581,2.5439435834505897,0.5820110991212282
0.31200000000000006,2.3607564027232244,1.5491283850867155,-1.7813960928208314,0.040770583604245424,0.084219100156697,0.5857655965814595,0.19316887396425467,2.512041584161679,0.579854626935146
0.31400000000000006,2.328131104935334,1.5080780324516445,-1.7736671304966432,0.04070326837880413,0.08450764626451222,0.5895699996644869,0.1927535338811509,2.4806733540023194,0.577713905086035
0.31600000000000006,2.295850836923519,1.4680554381420239,-1.7651471032024646,0.04063617503640831,0.08479817499038265,0.5934234224211885,0.19233997339871256,2.4498380043008328,0.5755887635407316
0.31800000000000006,2.263917860394481,1.4290440300535483,-1.7558921489605896,0.04056930248198738,0.08509070682444012,0.5973268038059606,0.19192818112079893,2.419533542442819,0.5734790346767432
0.32000000000000006,2.232333265491957,1.3910259467206023,-1.7459549317700147,0.040502649627663805,0.08538526253994305,0.6012811065069263,0.19151814574822126,2.3897569970219443,0.5713845532401959
0.32200000000000006,2.2010970854740695,1.3539822734049376,-1.7353847939254397,0.04043621539269428,0.08568186319818033,0.6052873176866465,0.19110985607771627,2.3605045326679654,0.5693051563046485
0.32400000000000007,2.170208402423782,1.3178932528413512,-1.7242279095485107,0.040369998703411174,0.08598053015347697,0.6093464497501487,0.19070330100093147,2.331771555150112,0.567240683230751
0.32600000000000007,2.1396654444720817,1.28273847272265,-1.7125274376970063,0.040303998493164926,0.08628128505830475,0.613459541141436,0.19029846950342377,2.303552807358511,0.5651909756267302
0.32800000000000007,2.109465675022197,1.2484970319151318,-1.7003236737150837,0.0402382137022666,0.0865841498684999,0.6176276571696742,0.1898953506636707,2.2758424567616165,0.5631558773096779
0.33000000000000007,2.0796058744634722,1.2151476872926266,-1.6876541977461983,0.040172643277931415,0.08688914684859081,0.6218518908663301,0.18949393365209402,2.2486341749257135,0.5611352342676308
0.3320000000000001,2.0500822148573565,1.1826689829664574,-1.674554019553723,0.040107286174222434,0.08719629857723833,0.6261333638745762,0.18909420773009564,2.2219212096650693,0.5591288946224147
0.3340000000000001,2.020890328066629,1.1510393635740455,-1.6610557189860626,0.040042141351995096,0.08750562795279128,0.6304732273723587,0.1886961622491055,2.195696450369768,0.5571367085932424
0.3360000000000001,1.992025367783793,1.1202372731732053,-1.6471895815866542,0.03997720777884216,0.08781715819896037,0.6348726630305732,0.18829978664964142,2.1699524870337688,0.5551585284610451
0.3380000000000001,1.9634820658965968,1.090241241174759,-1.6329837289879185,0.039912484429039156,0.08813091287061324,0.6393328840078762,0.1879050704603811,2.1446816634793673,0.5531942085335185
0.3400000000000001,1.9352547836085636,1.061029956634411,-1.6184642438448271,0.039847970283490436,0.08844691585969372,0.6438551359837277,0.18751200329724474,2.1198761252466354,0.5512436051108701
0.3420000000000001,1.9073375577112246,1.0325823321174463,-1.603655289161207,0.03978366432967579,0.08876519140126826,0.6484406982313351,0.18712057486249015,2.0955278625884524,0.5493065764522513
0.3440000000000001,1.879724142382631,1.0048775582471654,-1.5885792219424666,0.03971956556159733,0.08908576407970319,0.6530908847322561,0.18673077494381823,2.071628748983676,0.5473829827428561
0.3460000000000001,1.8524080468646038,0.9778951499511414,-1.5732567011745957,0.03965567297972726,0.08940865883497552,0.6578070453344969,0.18634259341349013,2.0481705755534048,0.5454726860616741
0.3480000000000001,1.8253825693489063,0.9516149853282034,-1.557706790182805,0.03959198559095582,0.08973390096912107,0.6625905669560339,0.1859560202274549,2.025145081738395,0.5435755503498805
0.3500000000000001,1.7986408273808798,0.9260173379741325,-1.5419470534660642,0.03952850240853994,0.09006151615282335,0.6674428748357846,0.18557104542448818,2.0025439825697413,0.5416914413798511
0.3520000000000001,1.7721757850678703,0.9010829035250514,-1.525993648137431,0.03946522245205222,0.0903915304321466,0.672365433834145,0.18518765912534127,1.9803589928400658,0.5398202267247867
0.3540000000000001,1.745980277359427,0.8767928211045581,-1.5098614101259795,0.03940214474733061,0.09072397023541694,0.677359749785322,0.1848058515319009,1.9585818484588218,0.5379617757289309
0.3560000000000001,1.7200470316467438,0.8531286902934507,-1.493563935315444,0.03933926832642833,0.09105886238025529,0.6824273709037955,0.18442561292635903,1.9372043252529605,0.5361159594783734
0.3580000000000001,1.6943686869103067,0.8300725841792874,-1.4771136558085423,0.039276592227564515,0.091396234080766,0.687569889247362,0.18404693367039304,1.9162182554531284,0.5342826507724215
0.3600000000000001,1.6689378106271378,0.8076070589866823,-1.4605219115151218,0.03921411549507504,0.09173611295488518,0.6927889422393271,0.18366980420435586,1.8956155420858487,0.5324617240955266
0.3620000000000001,1.643746913632593,0.7857151607378925,-1.4437990172677442,0.03915183717936414,0.09207852703189305,0.6980862142525549,0.1832942150464757,1.875388171473675,0.530653055589757
0.3640000000000001,1.6187884631161549,0.7643804293465674,-1.4269543256705592,0.03908975633685622,0.09242350476009432,0.7034634382581969,0.18292015679206614,1.855528224028158,0.5288565230278011
0.3660000000000001,1.5940548939163026,0.7435869005052193,-1.4099962858871493,0.039027872029948285,0.09277107501467134,0.708922397542085,0.18254762011274506,1.836027883504516,0.5270720057864923
0.3680000000000001,1.5695386182660682,0.7233191056886651,-1.3929324985706624,0.038966183326962736,0.09312126710571426,0.7144649274919057,0.18217659575566367,1.816879444872141,0.52529938482084
0.3700000000000001,1.545232034128514,0.703562070561165,-1.3757697671357048,0.03890468930210066,0.09347411078643286,0.7200929174584373,0.18180707454274425,1.7980753209414435,0.5235385426385611
0.3720000000000001,1.5211275322498625,0.684301312043843,-1.3585141455662622,0.03884338903539553,0.09382963626155537,0.7258083126942906,0.18143904736992789,1.7796080478749647,0.5217893632750961
0.3740000000000001,1.4972175020474776,0.665522834271027,-1.3411709829477925,0.03878228161266736,0.09418787419591841,0.7316131163737725,0.18107250520643034,1.761470289699104,0.5200517322691004
0.3760000000000001,1.4734943364402022,0.6472131236390509,-1.3237449649047714,0.03872136612547729,0.09454885572325412,0.7375093916976644,0.18070743909400763,1.7436548419221949,0.5183255366384033
0.3780000000000001,1.4499504357197919,0.629359143128661,-1.3062401521176616,0.03866064167108259,0.09491261245517868,0.7434992640869079,0.18034384014622973,1.7261546343549008,0.5166106648564197
0.3800000000000001,1.4265782105541214,0.6119483260620812,-1.2886600160855524,0.03860010735239209,0.09527917649038868,0.7495849234693787,0.17998169954776386,1.7089627332199666,0.514907006829009
0.3820000000000001,1.4033700842056704,0.5949685694380059,-1.2710074722928748,0.038539762277922045,0.09564858042407041,0.7557686266641483,0.17962100855366533,1.6920723426301914,0.5132144538717686
0.3840000000000001,1.380318494042343,0.5784082269718984,-1.2532849109306896,0.03847960556175236,0.09602085735752759,0.7620526998678534,0.17926175848867765,1.6754768055060147,0.5115328986877533
0.3860000000000001,1.3574158924119333,0.5622561019549355,-1.2354942253150867,0.03841963632348333,0.09639604090803428,0.7684395412480154,0.17890394074654042,1.659169603997282,0.5098622353456128
0.3880000000000001,1.3346547469466024,0.5465014400325436,-1.2176368381374862,0.0383598536881926,0.09677416521891821,0.7749316236484025,0.1785475467893057,1.6431443594675488,0.5082023592581364
0.3900000000000001,1.3120275403594492,0.5311339219925499,-1.1997137256739536,0.03830025678639279,0.09715526496988165,0.7815314974117803,0.17819256814666273,1.627394832093585,0.5065531671611976
0.3920000000000001,1.2895267697917248,0.5161436566434009,-1.1817254400732256,0.0382408447539892,0.0975393753875658,0.788241793325658,0.17783899641526973,1.6119149201276228,0.5049145570930877
0.39400000000000013,1.267144945766421,0.5015211738545665,-1.1636721298359447,0.03818161673223824,0.09792653225636552,0.7950652256969203,0.1774868232580948,1.5966986588651457,0.5032864283742351
0.39600000000000013,1.2448745908019585,0.487257417824025,-1.145553558590696,0.03812257186770593,0.0983167719295018,0.8020045955615228,0.1771360404037638,1.581740219356791,0.5016686815872944
0.39800000000000013,1.222708237738412,0.4733437406314973,-1.1273691222657976,0.038063709312227044,0.09871013134035839,0.8090627940357319,0.17678663964591582,1.5670339068990256,0.5000612185576062
0.40000000000000013,1.2006384278283717,0.4597718961308165,-1.1091178647494855,0.03800502822286443,0.09910664801409066,0.8162428058157117,0.17643861284256698,1.5525741593347646,0.49846394233401187
0.40200000000000014,1.1786577086450878,0.44653403423036686,-1.090798492125123,0.03794652776186889,0.09950636007951391,0.8235477128325864,0.17609195191548072,1.5383555451918847,0.49687675717002155
0.40400000000000014,1.156758631862146,0.4336226956068336,-1.072409385562364,0.03788820709663921,0.09990930628127925,0.8309806980704509,0.1757466488495462,1.5243727616846963,0.4952995685053247
0.40600000000000014,1.134933750961742,0.4210308068945565,-1.0539486129398379,0.037830065399682845,0.10031552599234499,0.8385450495551617,0.1754026956921636,1.5106206326008285,0.4937322829476367
0.40800000000000014,1.113175618932762,0.40875167639042786,-1.0354139392698714,0.03777210184857662,0.1007250592267521,0.846244164522107,0.1750600845526366,1.497094106093571,0.49217480825487586
0.41000000000000014,1.091476786025654,0.3967789903126,-1.0168028359910317,0.03771431562592814,0.10113794665271232,0.8540815537715455,0.17471880760157205,1.4837882523976107,0.49062705331766193
0.41200000000000014,1.0698297976386812,0.3851068096500845,-0.9981124891898485,0.037656705919337286,0.10155422960601783,0.8620608462204892,0.17437885707028636,1.470698261484113,0.48908892814213056
0.41400000000000015,1.048227192420068,0.37372956763973,-0.9793398068089944,0.03759927192135819,0.10197395010378205,0.8701857936605248,0.17404022525021925,1.4578194406693743,0.48756034383305635
0.41600000000000015,1.026661500683134,0.3626420679069447,-0.9604814248954113,0.03754201282946154,0.10239715085852043,0.8784602757313783,0.17370290449235373,1.4451472121896565,0.48604121257728033
0.41800000000000015,1.0051252432474274,0.35183948330689824,-0.9415337129383815,0.03748492784599722,0.1028238752925821,0.886888305120463,0.1733668872066429,1.4326771107533975,0.48453144762743167
0.42000000000000015,0.983610930838849,0.341317355503751,-0.9224927783444122,0.03742801617815726,0.10325416755294145,0.8954740329990821,0.17303216586144365,1.4204047810806932,0.4830309632859417
0.42200000000000015,0.962111064206777,0.33107159532676705,-0.9033544700929343,0.03737127703793926,0.10368807252636127,0.9042217547064115,0.1726987329829567,1.4083259754387722,0.4815396748893405
0.42400000000000015,0.9406181351474532,0.3210984839438511,-0.8841143816142981,0.03731470964210985,0.10412563585493743,0.9131359156928183,0.17236658115467268,1.396436551181144,0.48005749879283355
0.42600000000000016,0.9191246286620458,0.31139467489522576,-0.8647678529293513,0.037258313212168874,0.10456690395203697,0.9222211177345353,0.17203570301682553,1.3847324682971454,0.478584352355151
0.42800000000000016,0.8976230265268222,0.3019571970325628,-0.8453099720879971,0.03720208697431355,0.10501192401864103,0.9314821254321541,0.17170609126585062,1.373209786977763,0.4771201539236636
0.43000000000000016,0.8761058126145164,0.29278345841191245,-0.825735575942627,0.03714603015940316,0.10546074406010442,0.9409238730058178,0.17137773865385092,1.3618646652028423,0.47566482281976036
0.43200000000000016,0.8545654803836643,0.2838712511922661,-0.8060392502911383,0.037090142002924,0.10591341290334487,0.9505514714004524,0.17105063798806758,1.350693356354099,0.4742182793244846
0.43400000000000016,0.8329945430510789,0.2752187575955531,-0.7862153294234577,0.03703442174495462,0.1063699802144741,0.9603702157147432,0.1707247821303574,1.3396922068577477,0.47278044466441865
0.43600000000000017,0.8113855470877817,0.26682455698830193,-0.766257895105124,0.0369788686301314,0.10683049651688457,0.9703855929679724,0.17040016399667626,1.3288576538599848,0.47135124099781683
0.43800000000000017,0.7897310898387038,0.25868763415014934,-0.7461607750315111,0.03692348190761448,0.10729501320980557,0.9806032902191425,0.1700767765565678,1.3181862229380894,0.46993059140097904
0.44000000000000017,0.7680238422721974,0.25080738879983333,-0.7259175407868022,0.03686826083105387,0.10776358258734264,0.9910292030531288,0.16975461283265866,1.3076745258494444,0.46851841985486165
0.44200000000000017,0.7462565781314989,0.24318364645535248,-0.7055215053428294,0.03681320465855603,0.10823625785801536,1.0016694444488103,0.1694336659001587,1.2973192583203967,0.46711465123191837
0.4440000000000002,0.724422211106818,0.23581667071157292,-0.6849657201345194,0.03675831265265058,0.10871309316480862,1.0125303540442925,0.1691139288863672,1.2871171978765075,0.4657192112831699
0.4460000000000002,0.702513842100992,0.22870717702580695,-0.6642429717508372,0.03670358408025745,0.10919414360575333,1.0236185078143862,0.1687953949701849,1.2770652017154454,0.4643320266254961
0.4480000000000002,0.6805248192617656,0.2218563481097917,-0.6433457782830674,0.03664901821265424,0.10967946525505258,1.0349407281754395,0.16847805738163066,1.2671602046234764,0.46295302472914546
0.4500000000000002,0.6584488142525922,0.21526585103509668,-0.6222663853758936,0.03659461432544391,0.11016911518477077,1.0465040945324158,0.1681619094013643,1.2573992169362662,0.46158213390545827
0.4520000000000002,0.6362799193062275,0.20893785616836522,-0.6009967620312999,0.03654037169852269,0.11066315148710236,1.0583159542827318,0.16784694436021483,1.2477793225444902,0.46021928329480183
0.4540000000000002,0.614012771057467,0.20287505806293255,-0.5795285962207829,0.03648628961604841,0.1111616332972395,1.0703839342907644,0.16753315563871285,1.2382976769445428,0.45886440285470786
0.4560000000000002,0.5916427091359525,0.19708069844441015,-0.5578532903679899,0.03643236736640891,0.1116646208168564,1.0827159528461083,0.16722053666662984,1.2289515053344748,0.45751742334821355
0.4580000000000002,0.5691659802385963,0.19155859143973844,-0.5359619567717336,0.03637860424219097,0.11217217533823044,1.0953202321175113,0.1669090809225209,1.2197381007551256,0.45617827633239977
0.4600000000000002,0.546580002218917,0.18631315121209555,-0.5138454130485648,0.03632499954014931,0.1126843592690201,1.1082053111129142,0.16659878193327393,1.2106548222762978,0.4548468941471223
0.4620000000000002,0.5238837081094683,0.18134942217798067,-0.4914941776849845,0.03627155256117596,0.11320123615772068,1.1213800591541072,0.16628963327366272,1.201699093227693,0.45352320990393363
0.4640000000000002,0.5010779976555083,0.17667311199776345,-0.4688984658020107,0.03621826261026988,0.1137228707198194,1.134853689872079,0.16598162856590576,1.1928683994742273,0.4522071574751911
0.4660000000000002,0.4781663349767267,0.17229062754713337,-0.44604818524963225,0.03616512899650687,0.11424932886467246,1.1486357757261199,0.16567476147922952,1.1841602877352726,0.4508986714833465
0.4680000000000002,0.45515554706116407,0.1682091140941506,-0.42293293316577807,0.03611215103300969,0.11478067772312739,1.1627362630460445,0.16536902572943657,1.1755723639472702,0.44959768729041577
0.4700000000000002,0.4320569015113778,0.16443649792515933,-0.3995419931543135,0.03605932803691854,0.11531698567591492,1.1771654875923336,0.1650644150784787,1.1671022916691236,0.4483041409876248
0.4720000000000002,0.4088875773136803,0.16098153268257212,-0.37586433325951646,0.036006659329361625,0.11585832238283526,1.191934190623539,0.16476092333403422,1.1587477905297001,0.4470179693852255
0.4740000000000002,0.385672695626696,0.15785384969858907,-0.35188860494096325,0.03595414423542625,0.11640475881276513,1.2070535354536336,0.16445854434909055,1.1505066347167479,0.4457391100024825
0.4760000000000002,0.3624481583652941,0.15506401263121744,-0.3276031432833008,0.035901782084129794,0.11695636727451222,1.2225351244740759,0.16415727202153077,1.1423766515064715,0.4444675010578252
0.4780000000000002,0.3392646654596624,0.15262357673250573,-0.3029959687105318,0.03584957220839138,0.11751322144854533,1.2383910166058352,0.16385710029372502,1.134355719833002,0.4432030814591619
0.4800000000000002,0.31619346870429926,0.15054515310361397,-0.2780547905148662,0.03579751394500332,0.11807539641962929,1.2546337451353413,0.16355802315212634,1.1264417688969586,0.4419457907943535
0.4820000000000002,0.2933346995982596,0.14884247831709166,-0.252767012556677,0.03574560663460332,0.11864296871039455,1.2712763358748902,0.16326003462687064,1.1186327768122788,0.4406955693218436
0.4840000000000002,0.2708295080382696,0.14753048981338748,-0.22711974154545245,0.03569384962164635,0.1192160163158733,1.288332325572171,0.1629631287913814,1.1109267692904898,0.43945235796144283
0.4860000000000002,0.24887775921496638,0.14662540750585507,-0.20109979837285946,0.03564224225437736,0.11979461873903409,1.3058157804748158,0.1626672997619784,1.1033218183615743,0.4382160982852617
0.4880000000000002,0.22776349439057178,0.1461448220560909,-0.1746937330392752,0.03559078388480367,0.12037885702734943,1.3237413149337718,0.16237254169749063,1.0958160411305806,0.4369867325087936
0.4900000000000002,0.2078901169642232,0.14610779030874654,-0.147887843795539,0.035539473868668056,0.12096881381043055,1.3421241099033212,0.1620788487988736,1.0884075985691255,0.43576420348214057
0.4920000000000002,0.18982440031912012,0.14653493840151757,-0.12066820121381203,0.0354883115654218,0.1215645733387672,1.3609799311650375,0.16178621530883064,1.0810946943409352,0.43454845468138303
0.4940000000000002,0.17433854491584647,0.1474485730908812,-0.09302067800676192,0.03543729633819804,0.12216622152360883,1.3803251470672073,0.1614946355114382,1.0738755736605796,0.4333394302000876
0.4960000000000002,0.1624165755551754,0.14887280185636215,-0.06493098553469166,0.03538642755378535,0.12277384597802782,1.4001767455293797,0.16120410373177543,1.0667485221845467,0.4321370747409525
0.4980000000000002,0.15516005095324076,0.1508336623642685,-0.03638471807770557,0.03533570458260162,0.12338753605920515,1.4205523500127801,0.16091461433555737,1.0597118649338262,0.43094133360758763
0.5000000000000002,0.15353612564611607,0.15335926188423682,-0.007367406106765325,0.03528512679866801,0.12400738291198127,1.4414702341002132,0.16062616172877245,1.0527639652471703,0.42975215269642575
0.5020000000000002,0.1580377943855787,0.15647992725643572,0.022135420033941842,0.03523469357958327,0.1246334795137164,1.4629493342625386,0.1603387403573234,1.045903223764214,0.42856947848876376
0.5040000000000002,0.1684978231832484,0.16022836600113533,0.05213815441784899,0.03518440430649818,0.1252659207205065,1.4850092603113525,0.16005234470667268,1.0391280774376466,0.42739325804293055
0.5060000000000002,0.1842230440206805,0.16463983914223576,0.08265502595404775,0.035134258364090294,0.1259048033148026,1.5076703029474927,0.15976696930149076,1.0324369985736372,0.42622343898657966
0.5080000000000002,0.2043123770978183,0.1697523462780285,0.1136999928252655,0.03508425514053881,0.1265502260544841,1.5309534377105312,0.1594826087053091,1.0258284938997393,0.4250599695091048
0.5100000000000002,0.2279165591660953,0.1756068233707828,0.14528661854326058,0.035034394027499756,0.12720228972343645,1.5548803245134253,0.15919925752017605,1.0193011036595006,0.42390279835417455
0.5120000000000002,0.2543516603960319,0.1822473536353168,0.17742792688622086,0.03498467442008124,0.1278610971836895,1.5794733018065112,0.1589169103863167,1.012853400733031,0.42275187481238646
0.5140000000000002,0.2831103013898357,0.18972139177774464,0.21013623260865583,0.03493509571681913,0.1285267534291705,1.6047553742534642,0.15863556198179654,1.006483989782787,0.421607148714035
0.5160000000000002,0.31383182903527757,0.1980800016595098,0.2434229443955444,0.03488565731965267,0.1291993656411322,1.6307501926157009,0.15835520702218814,1.000191506423857,0.42046857042199504
0.5180000000000002,0.3462658610691512,0.20737810722711067,0.2772983360658006,0.034836358633900555,0.12987904324531602,1.6574820243277568,0.15807584026024202,0.9939746164180371,0.4193360908247163
0.52,0.3802415436016772,0.2176747562405073,0.31177128151294164,0.03478719906823703,0.1305658979709141,1.6849757130009,0.15779745648556023,0.9878320148910132,0.41820966132932674
0.522,0.41564466722408244,0.22903339593632815,0.34684894830126184,0.034738178034668304,0.1312600439113973,1.713256624811976,0.15752005052427384,0.9817624255719712,0.417089233854844
0.524,0.4524014639267328,0.24152215925533627,0.38253644421373884,0.03468929494850909,0.1319615975872766,1.7423505794151313,0.1572436172387239,0.9757646000549888,0.41597476082549356
0.526,0.49046733421123084,0.2552141596233532,0.41883641037524044,0.03464054922835936,0.1326706780108719,1.7722837626519983,0.15696815152714533,0.9698373170815566,0.41486619516412904
0.528,0.5298190134400477,0.2701877914724208,0.4557485538560063,0.034591940296081355,0.13338740675316177,1.8030826179269062,0.15669364832335433,0.9639793818436179,0.4137634902857552
0.53,0.5704490838128479,0.28652703269126883,0.4932691119055137,0.034543467576776676,0.13411190801279316,1.8347737126545443,0.15642010259643913,0.9581896253065084,0.4126666000911513
0.532,0.6123620743933005,0.3043217439624824,0.5313902391904648,0.03449513049876368,0.1348443086873328,1.8673835756753387,0.15614750935045374,0.9524669035512171,0.41157547896059177
0.534,0.6555716353104595,0.32366795843380636,0.5700993086357165,0.034446928493555,0.13558473844684515,1.9009385009670259,0.15587586362411507,0.9468100971353823,0.4104900817476649
0.536,0.7000984386844709,0.34466815333259304,0.6093781157267908,0.03439886099583525,0.13633332980988636,1.9354643123598403,0.15560516049050324,0.9412181104724707,0.40941036377318457
0.538,0.7459685696735444,0.3674314929097315,0.649201975473673,0.03435092744343893,0.13709021822200657,1.9709860832903647,0.1553353950567646,0.9356898712285959,0.40833628081919704
0.54,0.7932122441997854,0.39207402943191305,0.6895387007220722,0.03430312727732859,0.137855542136858,2.007527804912269,0.1550665624638184,0.9302243297364418,0.4072677891230777
0.542,0.8418627381204153,0.4187188457650649,0.7303474502158371,0.03425545994157304,0.1386294431000099,2.045111995133235,0.15479865788606584,0.9248204584257868,0.4062048453717181
0.544,0.8919554444239743,0.4474961193433995,0.7715774348762201,0.03420792488332579,0.13941206583557592,2.083759240385797,0.15453167653110286,0.9194772512701217,0.4051474066958022
0.546,0.9435269960642185,0.47854308293816306,0.8131664713169168,0.03416052155280374,0.14020355833576473,2.1234876611948956,0.15426561363943506,0.9141937232488839,0.40409543066416803
0.548,0.9966144059631376,0.512003852579876,0.8550393728458485,0.034113249403266016,0.14100407195346912,2.1643122919184923,0.1540004644841963,0.908968909824835,0.4030488752782554
0.55,1.0512541849246517,0.5480290872210017,0.8971061703507057,0.03406610789099285,0.1418137614980148,2.206244364467581,0.15373622437086976,0.9038018664361259,0.4020076989666369
0.552,1.107481404306875,0.5867754382617526,0.9392601588155735,0.03401909647526485,0.14263278533419416,2.249290485436644,0.15347288863701167,0.8986916680026069,0.40097186057963197
0.554,1.1653286744050553,0.6284047399643653,0.9813757701211917,0.03397221461834229,0.14346130548471836,2.293451695998288,0.15321045265197855,0.8936374084459544,0.3999413193840004
0.556,1.2248250123913065,0.6730828841953124,1.023306279655648,0.033925461785444616,0.1442994877362241,2.3387224042695642,0.1529489118166566,0.8886382002232003,0.39891603505771733
0.558,1.2859945759498934,0.7209783151185125,1.064881363580665,0.03387883744473013,0.14514750174898175,2.385089180810564,0.15268826156319398,0.8836931738732529,0.39789596768482377
0.56,1.3488552409476586,0.7722600718271522,1.105904535886117,0.03383234106727583,0.14600552117045376,2.4325294096756904,0.15242849735473615,0.8788014775760272,0.39688107775035586
0.562,1.413417004055208,0.8270953000605876,1.1461505101731126,0.033785972127057425,0.14687372375286345,2.4810097902539723,0.15216961468516318,0.8739622767237978,0.39587132613534914
0.5640000000000001,1.4796801946473825,0.8856461489750119,1.1853625509680348,0.03373973010092947,0.14775229147493923,2.530484689298002,0.15191160907883078,0.8691747535044106,0.394866674111916
0.5660000000000001,1.5476334850407913,0.9480659666033547,1.2232499037351086,0.033693614468605755,0.14864141066800748,2.5808943483785507,0.15165447609031274,0.864438106495996,0.39386708333839704
0.5680000000000001,1.617251694678285,1.0144947096954926,1.2594854218845257,0.03364762471263977,0.14954127214661717,2.6321629598629963,0.1513982113041469,0.8597515502728355,0.392872515854583
0.5700000000000001,1.6884933927735508,1.0850534920155142,1.2937035428972417,0.03360176031840535,0.15045207134388558,2.6841966347474715,0.15114281033458338,0.8551143150220515,0.39188293407700864
0.5720000000000001,1.761298315710936,1.159838212224759,1.3254988036167572,0.03355602077407753,0.1513740084517661,2.736881298578986,0.15088826882533515,0.850525646170791,0.39089830079431315
0.5740000000000001,1.8355846306365753,1.2389122308663036,1.354425125445881,0.033510405570613445,0.15230728856644696,2.7900805674864784,0.15063458244933126,0.8459848040235912,0.38991857916267164
0.5760000000000001,1.911246095539438,1.3222981085328689,1.379996141257338,0.03346491420173353,0.15325212183910053,2.843633675015066,0.1503817469084726,0.8414910634096247,0.3889437327012912
0.5780000000000001,1.988149188843624,1.409968476776757,1.401686873590315,0.033419546163902726,0.1542087236322149,2.8973535417502028,0.15012975793339026,0.837043713339521,0.3879737252879732
0.5800000000000001,2.0661303078963402,1.501836191867306,1.4189371029067264,0.03337430095631201,0.15517731468174825,2.9510251029325767,0.14987861128320562,0.8326420566714903,0.38700852115474105
0.5820000000000001,2.144993164993378,1.5977440200490078,1.4311567783670467,0.03332917808085983,0.15615812126536127,3.0044040331445987,0.14962830274529376,0.8282854097864623,0.3860480848835304
0.5840000000000001,2.224506540283972,1.6974542203497678,1.4377338131875899,0.03328417704213397,0.15715137537699345,3.0572160297473516,0.14937882813504846,0.8239731022719742,0.3850923814019417
0.5860000000000001,2.30440258071124,1.8006385229919597,1.4380445624200795,0.03323929734739334,0.15815731490806428,3.109156835328725,0.14913018329565017,0.8197044766145556,0.3841413759790555
0.5880000000000001,2.384375859753277,1.9068691397089148,1.4314671929876563,0.03319453850655006,0.15917618383559265,3.1598931904611782,0.1488823640978356,0.8154788879003438,0.3831950342213069
0.5900000000000001,2.464083429820246,2.015611573456656,1.4173980154008579,0.033149900032151576,0.160208232417545,3.2090649073703785,0.14863536643967015,0.8112957035237032,0.38225332206841905
0.5920000000000001,2.54314610261303,2.12622010057531,1.3952706487077566,0.033105381439363,0.16125371739573638,3.2562882381631013,0.14838918624632258,0.8071543029035938,0.38131620578939635
0.5940000000000001,2.621151177070985,2.237936855228439,1.3645776361463853,0.03306098224594956,0.16231290220662722,3.3011606737806054,0.1481438194698413,0.8030540772074797,0.38038365197857427
0.5960000000000001,2.6976567946219627,2.3498954281522817,1.3248938290742573,0.03301670197225923,0.163386057200375,3.3432672486377806,0.1478992620889336,0.7989944290825371,0.3794556275517252
0.5980000000000001,2.772198033611808,2.461129774621969,1.275900532968927,0.03297254014120533,0.16447345986851972,3.382188339894086,0.14765551010874675,0.7949747723939626,0.37853209974222063
0.6000000000000001,2.844294758016802,2.5705889915691422,1.2174090959514805,0.03292849627824962,0.16557539508070165,3.4175088415872183,0.147412559560651,0.790994531970162,0.37761303609724745
0.6020000000000003,2.9134611127194416,2.677158164913269,1.1493823625611386,0.03288456991138508,0.16669215533083107,3.4488284686356385,0.14717040650202518,0.7870531433546276,0.3766984044740778
0.6040000000000001,2.979216416464197,2.7796850178475045,1.0719522646479596,0.03284076057111926,0.16782404099315038,3.4757728146392983,0.1469290470160442,0.7831500525643039,0.37578817303639317
0.6060000000000003,3.041097056847383,2.877011544069632,0.9854318263867312,0.03279706779045737,0.1689713605886587,3.4980046651570214,0.14668847721146833,0.7792847158542479,0.3748823102506569
0.6080000000000001,3.098668856286035,2.9680092444984423,0.8903200578942331,0.032753491104885867,0.17013443106238196,3.515234971918138,0.14644869322243517,0.7754565994884167,0.3739807848825429
0.6100000000000003,3.1515392730030363,3.0516160769959466,0.7872986141867477,0.03271003005235586,0.17131357807201586,3.5272328404357203,0.14620969120825295,0.7716651795163845,0.3730835659934092
0.6120000000000001,3.199368744924116,3.126872857449944,0.677219683219659,0.03266668417326689,0.17250913628847694,3.5338338876861406,0.14597146735319652,0.7679099415558359,0.3721906229368261
0.6140000000000003,3.241880490787986,3.192956689577989,0.5610852832065047,0.03262345301045065,0.1737214497089474,3.5349463953293663,0.14573401786630452,0.7641903805806524,0.37130192535514805
0.6160000000000001,3.2788681576714325,3.2492090967340435,0.44001890992591686,0.032580336109155006,0.17495087198301293,3.530554815760696,0.14549733898117964,0.760506000714448,0.37041744317613845
0.6180000000000003,3.310200843523168,3.2951568899607535,0.31523117708383985,0.032537333017027964,0.1761977667525425,3.520720371586979,0.14526142695578945,0.7568563150293792,0.369537146609636
0.6200000000000001,3.3358252130179085,3.3305243965398557,0.18798163702554796,0.03249444328410197,0.17746250800598024,3.5055787036654404,0.14502627807227048,0.7532408453500979,0.3686610061442725
0.6220000000000003,3.3557646427745684,3.3552364167258997,0.05953927755919586,0.032451666462778084,0.17874548044777458,3.485334742867709,0.14479188863673295,0.7496591220626774,0.36778899254423264
0.6240000000000001,3.3701155511091843,3.3694120718512353,-0.06885577601864146,0.03240900210781053,0.1800470798836909,3.4602551794882626,0.1445582549790687,0.7461106839283964,0.3669210768460608
0.6260000000000003,3.3790412618777714,3.3733504474170855,-0.1960270603347221,0.032366449776291224,0.18136771362281862,3.4306590587511088,0.14432537345275973,0.7425950779022141,0.3660572303555099
0.6280000000000001,3.382763900487889,3.3675095278137848,-0.32089123784767887,0.03232400902763443,0.18270780089710928,3.3969071258735157,0.14409324043468927,0.7391118589558326,0.36519742464443666
0.6300000000000003,3.381554909955306,3.352480303465506,-0.44248098707025485,0.032281679423561555,0.18406777329935065,3.359390574006015,0.14386185232495474,0.7356605899051868,0.36434163154773586
0.6320000000000001,3.375724802612115,3.3289580836297095,-0.5599607311294369,0.03223946052808613,0.1854480752405156,3.318519817088645,0.14363120554668202,0.732240841242267,0.3634898231603202
0.6340000000000003,3.365612734189954,3.2977129832994247,-0.6726352327376176,0.03219735190749876,0.18684916442749958,3.274713828933702,0.1434012965458417,0.7288521909711247,0.3626419718341386
0.6360000000000001,3.351576413484223,3.259561313831585,-0.7799515990087322,0.032155353130352365,0.1882715123623006,3.2283904759682627,0.1431721217910676,0.725494224447968,0.36179805017523775
0.6380000000000003,3.33398275810987,3.2153392532425267,-0.8814956142441598,0.03211346376744735,0.18971560486377917,3.179958141601636,0.14294367777347597,0.7221665342252088,0.360958031040861
0.6400000000000001,3.3131995909033183,3.1658797657922113,-0.9769835401424971,0.032071683391817124,0.1911819426131833,3.1298088110656317,0.14271596100648737,0.7188687198993777,0.36012188753659
0.6420000000000003,3.289588556286265,3.1119933363439944,-1.0662506010315418,0.032030011578713456,0.19267104172471725,3.078312669197412,0.14248896802564975,0.7156003879627705,0.35928959301352126
0.6440000000000001,3.2634993319596166,3.0544527240846615,-1.1492373323350815,0.031988447905592195,0.19418343434248858,3.0258141679869457,0.1422626953884635,0.7123611516587508,0.35846112106548517
0.6460000000000004,3.2352651252845037,2.9939816475655117,-1.225974846774214,0.03194699195209892,0.19571966926527323,2.972629449461267,0.1420371396742077,0.7091506308405799,0.3576364455262983
0.6480000000000001,3.2051993785867965,2.931247098829343,-1.296569898654811,0.031905643300054874,0.19728031260060447,2.9190449627069652,0.1418122974837685,0.7059684518337042,0.3568155404670571
0.6499999999999999,3.1735935633641166,2.866854846997634,-1.3611904318177983,0.03186440153344275,0.19886594844980882,2.8653170890639945,0.141588165439469,0.7028142473013784,0.35599838019346375
0.6520000000000001,3.1407159178869226,2.801347621639469,-1.4200521045381338,0.0318232662383929,0.200477179625694,2.811672582809382,0.14136474018490028,0.6996876561135535,0.35518493924319094
0.6539999999999999,3.1068109727003574,2.7352054499504073,-1.4734061105659,0.03178223700316943,0.20211462840471434,2.7583096414811727,0.14114201838475499,0.6965883232189332,0.35437519238328147
0.6560000000000001,3.0720997103577057,2.6688476445690132,-1.5215284685007802,0.03174131341815644,0.20377893731555705,2.705399435995358,0.14091999672466132,0.6935158995201003,0.35356911460758056
0.6579999999999999,3.036780215767198,2.6026359870679774,-1.564710835168519,0.03170049507584446,0.20547076996620459,2.6530879520601394,0.14069867191101965,0.6904700417516567,0.35276668113420595
0.6600000000000001,3.0010286886709663,2.536878714254943,-1.6032528120625171,0.03165978157081686,0.2071908119116819,2.601498018030873,0.14047804067083958,0.687450412361262,0.35196786740304736
0.6619999999999999,2.965000707461066,2.471834981516849,-1.6374556541763878,0.03161917249973652,0.2089397715648201,2.5507314180202396,0.14025809975158002,0.684456679393524,0.35117264907330387
0.6640000000000001,2.928832651865371,2.407719543239794,-1.6676172533689786,0.03157866746133243,0.2107183811525451,2.500871011257911,0.14003884592098875,0.681488516376636,0.3503810020210494
0.6659999999999999,2.8926432096849832,2.344707450809206,-1.694028249072735,0.03153826605638653,0.21252739772034207,2.451982798480604,0.13982027596694563,0.6785456022117111,0.34959290233683404
0.6680000000000001,2.8565349089015837,2.2829386216268217,-1.716969113192782,0.031497967887720565,0.2143676041877499,2.404117893095209,0.13960238669730538,0.675627621064721,0.3488083263233146
0.6699999999999999,2.820595630653738,2.222522177107648,-1.7367080594986708,0.03145777256018313,0.21623981045790683,2.3573143689102913,0.13938517493974334,0.6727342622609866,0.34802725049291805
0.6720000000000002,2.784900070639833,2.1635404837902183,-1.7534996374252654,0.03141767968063668,0.2181448545844012,2.3115989675098594,0.1391686375416015,0.6698652201821358,0.3472496515655337
0.6739999999999999,2.7495111264729517,2.106052860133912,-1.767583883418359,0.03137768885794479,0.22008360399887683,2.2669886571219826,0.13895277136973685,0.6670201941654805,0.34647550646623826
0.6760000000000002,2.714481196537231,2.0500989332141657,-1.7791859178816407,0.031337799702959405,0.22205695680311016,2.223492041446061,0.1387375733103702,0.6641988884057297,0.34570479232304796
0.6779999999999999,2.679853382193579,1.995701645411954,-1.7885158910544754,0.0312980118285082,0.22406584312950717,2.1811106217015106,0.1385230402689378,0.6614010118589959,0.344937486464702
0.6800000000000002,2.645662589995698,1.9428699223685797,-1.7957691958763113,0.03125832484938212,0.22611122657427482,2.1398399184826697,0.13830916916994238,0.6586262781490166,0.34417356641847396
0.6819999999999999,2.6119365341502934,1.8916010209083984,-1.8011268795194166,0.03121873838232292,0.22819410570779552,2.0996704621592546,0.13809595695680757,0.6558744054755486,0.34341300990801227
0.6840000000000002,2.5786966420146986,1.8418825801658412,-1.8047561975013426,0.031179252046010793,0.2303155156670862,2.0605886618125915,0.13788340059173218,0.6531451165248623,0.342655794851207
0.6859999999999999,2.5459588671767803,1.7936944015090794,-1.8068112650055788,0.03113986546105222,0.23247652983554637,2.022577563271855,0.13767149705554663,0.6504381383822984,0.3419018993580875
0.6880000000000002,2.513734415780822,1.7470099836164636,-1.8074337692500253,0.031100578249967724,0.23467826161560942,1.9856175068928534,0.1374602433475703,0.6477532024468142,0.3411513017287432
0.69,2.482030392399158,1.701797838706099,-1.8067537145301151,0.031061390037179906,0.23692186630029302,1.9496866954534637,0.1372496364854704,0.6450900443474866,0.3404039804512754
0.6920000000000002,2.4508503720233223,1.6580226148076396,-1.804890178053306,0.03102230044900139,0.23920854305012046,1.91476168203721,0.13703967350512197,0.6424484038619047,0.3396599141997711
0.694,2.4201949047600744,1.615646047380123,-1.8019520600203576,0.030983309113623063,0.2415395369823355,1.8808177871295217,0.1368303514604695,0.6398280248364172,0.3389190818323073
0.6960000000000002,2.390061959643341,1.5746277617259619,-1.7980388157478846,0.030944415661102172,0.2439161413798904,1.8478294534235384,0.13662166742338916,0.6372286551081718,0.3381814623889762
0.698,2.360447313674756,1.5349259456820872,-1.7932411611120025,0.03090561972335072,0.2463397000282202,1.8157705460738078,0.136413618483553,0.6346500464289188,0.3374470350899406
0.7000000000000002,2.3313448918279516,1.4964979100883509,-1.7876417453599258,0.030866920934123777,0.2488116096884677,1.7846146053788805,0.13620620174829376,0.6320919543905137,0.33671577933350905
0.702,2.3027470633309157,1.4593005526145122,-1.781315787506004,0.03082831892900805,0.2513333227164581,1.7543350581426287,0.13599941434247168,0.6295541383520943,0.33598767469424046
0.7040000000000002,2.2746448991008017,1.423290738714311,-1.7743316742073245,0.03078981334541037,0.25390634983748644,1.7249053932722704,0.13579325340834153,0.6270363613688724,0.33526270092106825
0.706,2.2470283947659744,1.3884256117971125,-1.7667515182929276,0.030751403822546413,0.2565322630877387,1.6962993065291734,0.13558771610542167,0.6245383901225156,0.33454083793545214
0.7080000000000002,2.2198866632819776,1.354662843175568,-1.7586316780772142,0.03071309000142933,0.2592126989340629,1.6684908187592242,0.13538279961036387,0.6220599948530625,0.33382206582954993
0.71,2.193208100741406,1.3219608309673425,-1.7500232382873835,0.03067487152485871,0.2619493615847149,1.6414543713958607,0.13517850111682453,0.619600949292349,0.3331063648644157
0.7120000000000002,2.1669805285956922,1.290278855895064,-1.7409724539299842,0.030636748037409362,0.26474402650476214,1.6151649025481578,0.13497481783533669,0.6171610305988916,0.33239371546821794
0.714,2.1411913151542357,1.2595772008363781,-1.7315211587575594,0.030598719185420384,0.26759854415091217,1.5895979065579227,0.1347717469931838,0.614740019294206,0.33168409823448164
0.7160000000000002,2.1158274789022875,1.229817240013507,-1.7217071402081048,0.030560784616984134,0.27051484394178965,1.5647294795287783,0.134569285834274,0.6123376992005116,0.3309774939203516
0.718,2.0908757758850838,1.200961502869985,-1.7115644828072705,0.030522943981935512,0.273494938480987,1.5405363529944518,0.13436743161901593,0.6099538573798006,0.3302738834448788
0.7200000000000002,2.0663227731395186,1.172973716948144,-1.7011238820685124,0.03048519693184106,0.2765409280517087,1.516995917597565,0.1341661816241954,0.6075882840742229,0.3295732478873261
0.722,2.0421549099158893,1.1458188334446757,-1.6904129309186724,0.03044754311998837,0.2796550054033909,1.4940862383916451,0.13396553314285356,0.6052407726477715,0.3288755684854977
0.7240000000000002,2.018358548217991,1.1194630385708007,-1.679456380629895,0.030409982201375387,0.28283946085247086,1.4717860631525446,0.13376548348416534,0.6029111195292164,0.32818082663408643
0.726,1.9949200139992354,1.0938737533696414,-1.6682763781651173,0.030372513832699965,0.28609668772135777,1.4500748248888622,0.1335660299733203,0.6005991241562774,0.3274890038830445
0.7280000000000002,1.971825630182331,1.069019624235443,-1.6568926817520373,0.030335137672349327,0.289429188141808,1.4289326395694808,0.13336716995140288,0.5983045889209849,0.326800081935972
0.73,1.9490617425196541,1.0448705060304044,-1.645322856396737,0.030297853380389764,0.2928395792511798,1.4083402999383208,0.13316890077527535,0.5960273191162176,0.3261140426485272
0.7320000000000002,1.926614739177434,1.0213974393959426,-1.6335824509375532,0.030260660618556253,0.2963305998126299,1.3882792661577208,0.13297121981746052,0.5937671228833725,0.32543086802685534
0.734,1.9044710648089438,0.9985726236010531,-1.6216851581268854,0.030223559050242293,0.29990511729306957,1.36873165391131,0.1327741244660263,0.5915238111611547,0.32475054022603755
0.7360000000000002,1.8826172297768409,0.9763693860535662,-1.6096429591154706,0.030186548340489748,0.30356613543582706,1.3496802205013143,0.1325776121244709,0.5892971976354439,0.3240730415485576
0.738,1.861039815092509,0.9547621494168274,-1.5974662536030362,0.030149628155978735,0.30731680236831316,1.3311083493932512,0.13238168021160895,0.5870870986902287,0.32339835444278936
0.7400000000000002,1.839725473557914,0.9337263971186803,-1.5851639768117554,0.03011279816501763,0.31116041928878063,1.313000033589884,0.13218632616145923,0.5848933333595652,0.32272646150150097
0.742,1.818660927523122,0.9132386379090334,-1.572743704336252,0.030076058037533198,0.31510044978036233,1.2953398581558533,0.1319915474231326,0.5827157232805524,0.32205734546037895
0.7440000000000002,1.7978329636078196,0.8932763700120686,-1.5602117458258469,0.030039407445060624,0.3191405298051887,1.2781129821620383,0.13179734146072128,0.5805540926472835,0.3213909891965681
0.746,1.7772284246779968,0.873818045327563,-1.5475732283621835,0.030002846060733848,0.3232844784363972,1.2613051202743641,0.13160370575318944,0.5784082681657662,0.3207273757272325
0.7480000000000002,1.756834199317474,0.8548430340592689,-1.5348321703078203,0.02996637355927576,0.32753630939149747,1.24490252417341,0.13141063779426407,0.5762780790097703,0.3200664882081298
0.75,1.7366372089881885,0.8363315900856806,-1.5219915463191778,0.029929989616988614,0.3319002434367046,1.2288919639588534,0.13121813509232733,0.5741633567776034,0.3194083099322075
0.7520000000000002,1.716624393031508,0.8182648173370938,-1.5090533441396583,0.029893693911744408,0.33638072173879696,1.213260709664827,0.13102619517030953,0.5720639354497669,0.31875282432821145
0.754,1.6967826916255353,0.8006246374020229,-1.4960186137160445,0.029857486122975438,0.3409824202486336,1.1979965129888892,0.13083481556558343,0.569979651347495,0.3181000149593153
0.7560000000000002,1.6770990267787844,0.7833937585536024,-1.4828875091124094,0.029821365931664786,0.3457102652090227,1.1830875893170418,0.1306439938298589,0.5679103430921376,0.31744986552176346
0.758,1.6575602814093209,0.7665556463624923,-1.4696593236310003,0.029785333020337056,0.35056944988901434,1.1685226001104523,0.130453727529079,0.5658558515653823,0.31680235984353305
0.7600000000000002,1.6381532765287914,0.7500944960451976,-1.456332518487696,0.029749387073048958,0.3555654526572734,1.154290635704975,0.13026401424331663,0.5638160198702805,0.3161574818830082
0.762,1.6188647465235253,0.733995206686002,-1.4429047453309767,0.029713527775380208,0.3607040565188433,1.1403811985626358,0.1300748515666725,0.5617906932930746,0.31551521572767544
0.7640000000000002,1.5996813124984732,0.7182433574653697,-1.4293728628366047,0.02967775481442422,0.3659913702527509,1.1267841870038673,0.1298862371071733,0.5597797192657932,0.31487554559282915
0.766,1.5805894536249576,0.7028251860284099,-1.415732947555637,0.029642067878779144,0.3714338513024356,1.1134898794409258,0.12969816848667154,0.5577829473296092,0.3142384558202973
0.7680000000000002,1.56157547640874,0.6877275691326664,-1.401980299139776,0.029606466658538715,0.37703833058736375,1.1004889191256022,0.12951064334074555,0.5558002290989301,0.31360393087717836
0.77,1.542625481771469,0.6729380057260238,-1.3881094400154979,0.029570950845283384,0.382812039422366,1.0877722994185925,0.12932365931860088,0.5538314182262181,0.31297195535459643
0.7720000000000002,1.52372532981505,0.658444602622152,-1.3741141095257479,0.029535520132071346,0.3887626387517367,1.075331349582811,0.12913721408297216,0.551876370367507,0.31234251396646917
0.774,1.504860602115682,0.6442360629637659,-1.359987252505302,0.029500174213429736,0.39489825092794223,1.0631577210990788,0.12895130531002624,0.5499349431486178,0.31171559154829137
0.7760000000000002,1.4860165613712906,0.6303016776927859,-1.3457210022019475,0.029464912785345847,0.4012274942905282,1.0512433744991587,0.12876593068926556,0.5480069961320374,0.3110911730559318
0.778,1.467178108203758,0.6166313202825667,-1.331306657400517,0.0294297355452584,0.4077595208295376,1.0395805667086342,0.12858108792343304,0.5460923907844654,0.3104692435644461
0.7800000000000002,1.4483297348950397,0.6032154450309344,-1.3167346535491757,0.029394642192048917,0.41450405725017647,1.028161838889839,0.12839677472841712,0.5441909904449943,0.3098497882669011
0.782,1.429455475815195,0.5900450892656327,-1.3019945276273464,0.02935963242603312,0.4214714497917243,1.0169800047735469,0.12821298883315813,0.5423026602939266,0.30923279247321617
0.7840000000000003,1.4105388542801234,0.5771118798765792,-1.2870748764307398,0.02932470594895237,0.4286727131946477,1.0060281394666928,0.12802972797955514,0.5404272673221989,0.3086182416090144
0.786,1.3915628255592674,0.5644080446645497,-1.2719633078813364,0.029289862463965293,0.43611958425575864,0.9952995687225953,0.12784698992237392,0.5385646803014118,0.30800612121449106
0.7880000000000003,1.3725097157389097,0.551926429084966,-1.2566463848972074,0.02925510167563927,0.44382458046309425,0.9847878586592993,0.12766477242915522,0.5367147697544412,0.3073964169432923
0.79,1.3533611561377905,0.5396605190715995,-1.2411095612789342,0.029220423289942163,0.4518010642603455,0.9744868059113637,0.12748307328012426,0.5348774079266291,0.3067891145614088
0.7920000000000003,1.3340980129700708,0.5276044707508163,-1.2253371089844793,0.02918582701423394,0.4600633135563292,0.9643904281999739,0.12730189026810076,0.533052468757528,0.3061841999460808
0.794,1.314700311960717,0.5157531480069649,-1.209312036072788,0.029151312557258596,0.46862659916870436,0.9544929553063093,0.12712122119840996,0.5312398278532012,0.30558165908471785
0.7960000000000003,1.2951471576440836,0.5041021690377583,-1.193015994496711,0.0291168796291358,0.47750726997428955,0.9447888204329423,0.12694106388879392,0.5294393624590511,0.3049814780738289
0.798,1.2754166471256814,0.4926479632515342,-1.17642917681832,0.029082527941352933,0.4867228466316159,0.9352726519383118,0.1267614161693243,0.5276509514331784,0.30438364311796623
0.8000000000000003,1.2554857781681603,0.48138784011244073,-1.1595302008030626,0.029048257206756942,0.49629212484637536,0.9259392654293734,0.1265822758823151,0.5258744752202484,0.3037881405286813
0.802,1.2353303515897776,0.4703200718443509,-1.1422959807244566,0.029014067139546386,0.5062352892679765,0.9167836561979287,0.1264036408822367,0.5241098158258618,0.30319495672349245
0.8040000000000003,1.2149248681539893,0.45944399226954724,-1.124701584077487,0.028979957455263453,0.5165740392372691,0.9078009919863231,0.1262255090356303,0.522356856791413,0.3026040782248641
0.806,1.1942424204090243,0.4487601144977384,-1.106720072258736,0.028945927870786144,0.5273317277524106,0.8989866060687037,0.12604787822102337,0.5206154831694305,0.30201549165919905
0.8080000000000003,1.1732545803406595,0.4382702707101729,-1.088322323625666,0.028911978104320352,0.5385335151835186,0.8903359906342777,0.12587074632884546,0.5188855814993818,0.3014291837558405
0.81,1.1519312842809921,0.42797777792289105,-1.0694768372009935,0.02887810787539216,0.550206539447598,0.8818447904595756,0.12569411126134508,0.5171670397839427,0.30084514134608736
0.8120000000000003,1.130240717340011,0.417887634386276,-1.0501495151454887,0.028844316904840076,0.5623801045543754,0.8735087968570131,0.1255179709325069,0.5154597474657079,0.3002633513622189
0.8140000000000001,1.1081492007962261,0.40800675221566735,-1.0303034219936076,0.028810604914807404,0.575085889650392,0.8653239418876214,0.12534232326797007,0.5137635954043474,0.2996838008365324
0.8160000000000003,1.0856210875388397,0.39834423298635085,-1.0098985185430904,0.028776971628734573,0.5883581809224463,0.857286292826142,0.12516716620494672,0.5120784758541862,0.2991064769003905
0.8180000000000001,1.0626186730029508,0.388911694412092,-0.9888913682321571,0.028743416771351643,0.6022341289687262,0.8493920468672395,0.1249924976921418,0.5104042824422093,0.29853136678327985
0.8200000000000003,1.039102132376454,0.37972365791540313,-0.9672348138526856,0.02870994006867075,0.6167540345021044,0.8416375260619291,0.12481831568967272,0.508740910146472,0.2979584578118802
0.8220000000000001,1.0150294996167555,0.37079800896011067,-0.9448776225752511,0.028676541247978672,0.6319616655053507,0.8340191724738576,0.12464461816899058,0.5070882552749181,0.29738773740914465
0.8240000000000003,0.9903567106334494,0.3621565445375942,-0.9217640975571221,0.028643220037829417,0.6479046091988482,0.826533543545401,0.12447140311280129,0.5054462154445856,0.29681919309338917
0.8260000000000001,0.9650377428182803,0.3538256252829705,-0.897833654947795,0.02860997616803688,0.6646346623847508,0.8191773076640804,0.124298668514988,0.503814689561204,0.296252812477394
0.8280000000000003,0.9390248973564965,0.34583695347432986,-0.8730203660092776,0.028576809369667534,0.6822082638647925,0.8119472399200935,0.1241264123805334,0.5021935777991615,0.295688583267513
0.8300000000000001,0.9122692915905801,0.3382285027932583,-0.8472524654891302,0.028543719375033194,0.7006869726415003,0.8048402180462725,0.12395463272544358,0.5005827815818474,0.2951264932627957
0.8320000000000003,0.8847216594277394,0.33104563138505927,-0.8204518295436,0.02851070591768379,0.720137995432381,0.7978532185320648,0.1237833275766717,0.49898220356235,0.29456653035411634
0.8340000000000001,0.8563336034957227,0.3243424166748702,-0.792533429718567,0.028477768732400252,0.7406347665465336,0.7909833129036035,0.1236124949720429,0.497391747604513,0.29400868252331563
0.8360000000000003,0.8270595114367969,0.31818325882851534,-0.7634047741921315,0.028444907555187384,0.7622575822404956,0.7842276641622042,0.12344213296017918,0.495811318764333,0.2934529378423488
0.8380000000000001,0.7968594529655516,0.31264480998489974,-0.7329653542767652,0.028412122123266825,0.7850942900628115,0.7775835233740728,0.12327223960042584,0.4942408232717001,0.2928992844724468
0.8400000000000003,0.7657035340401217,0.3078182987389547,-0.7011061239234667,0.028379412175070045,0.8092410310988927,0.7710482264042395,0.12310281296277742,0.492680168512466,0.2923477106632831
0.8420000000000001,0.7335784313691435,0.3038123341212673,-0.6677090538593891,0.028346777450231397,0.834803028985193,0.7646191907881605,0.12293385112780525,0.49112926301084026,0.2917982047521534
0.8440000000000003,0.7004972144144529,0.30075629073561405,-0.6326468216828113,0.028314217689581176,0.8618954134306318,0.7582939127346426,0.12276535218658471,0.48958801641210165,0.29125075516316135
0.8460000000000001,0.6665141599484182,0.2988043968400744,-0.5957827270413141,0.02828173263513884,0.8906440568467543,0.7520699642541283,0.12259731424062392,0.4880563394656229,0.29070535040641543
0.8480000000000003,0.6317471878290082,0.29814066969171127,-0.5569709601098051,0.028249322030106078,0.9211863892534021,0.7459449904065789,0.1224297354017923,0.4865341440081982,0.29016197907723346
0.8500000000000001,0.5964119356455456,0.2989848664378512,-0.5160574063237604,0.028216985618860175,0.9536721370721133,0.7399167066635501,0.12226261379225027,0.48502134294767185,0.2896206298553564
0.8520000000000003,0.5608734415741615,0.3015996420236754,-0.4728812466089507,0.028184723146947192,0.9882639032047663,0.7339828963792233,0.12209594754437901,0.48351785024685534,0.28908129150417095
0.8540000000000001,0.5257236931124281,0.30629912367570683,-0.42727771804210024,0.02815253436107537,1.0251374654029255,0.728141408365491,0.12192973480071137,0.48202358090773584,0.2885439528699406
0.8560000000000003,0.49189449464108814,0.313459116634808,-0.379082545175503,0.028120419009108437,1.0644816125703689,0.7223901545663493,0.12176397371386266,0.4805384509559595,0.2880086028810443
0.8580000000000001,0.4608103078959827,0.32352913422395996,-0.3281387498779827,0.028088376840059076,1.1064972578960566,0.7167271078271479,0.12159866244646285,0.47906237742559526,0.28747523054722546
0.8600000000000003,0.4345624068393031,0.33704637393199377,-0.2743068122691498,0.028056407604082345,1.1513954552821197,0.7111502997543937,0.12143379917108828,0.47759527834416193,0.2869438249588465
0.8620000000000001,0.416022947425951,0.35465160217545866,-0.2174795021590674,0.028024511052469257,1.1993937911615706,0.7056578186620748,0.12126938207019496,0.47613707271792427,0.2864143752861541
0.8640000000000003,0.4087152312399443,0.3771066037368301,-0.15760313977073728,0.02799268693764022,1.2507104159070432,0.700247807600598,0.12110540933605164,0.4746876805174427,0.28588687077855063
0.8660000000000001,0.4162302116081495,0.40531230539330393,-0.0947075717782375,0.027960935013138774,1.3055547067194229,0.69491846246469,0.12094187917067403,0.47324702266338037,0.28536130076387467
0.8680000000000003,0.4412762705431412,0.4403257615199738,-0.028947723335674122,0.0279292550336251,1.364113211891591,0.6896680301767099,0.12077878978575866,0.4718150210125537,0.2848376546476884
0.8700000000000001,0.4849709280520206,0.48337270596186,0.03933990577959395,0.027897646754869786,1.4265291253739985,0.6844948069420704,0.12061613940261862,0.47039159834423044,0.28431592191257377
0.8720000000000003,0.5469362067359437,0.5358500988573184,0.10956224620417856,0.027866109933747496,1.4928731269897682,0.6793971365735417,0.1204539262521183,0.4689766783466615,0.28379609211743495
0.8740000000000001,0.6259801945031365,0.5993098034707337,0.18077323743866244,0.027834644328230806,1.563103113691403,0.674373408881443,0.12029214857461001,0.46757018560385005,0.28327815489680996
0.8760000000000003,0.7207350038088227,0.6754101343685253,0.25155535396328643,0.02780324969738395,1.6370103804064833,0.669422058126796,0.12013080461987004,0.4661720455825448,0.2827620999601883
0.8780000000000001,0.8299404484224626,0.7658168968253517,0.3198837733684954,0.027771925801356706,1.7141506180959847,0.6645415615347219,0.11996989264703603,0.46478218461946313,0.28224791709133656
0.8800000000000003,0.9524274375942223,0.8720310907312802,0.38298799025597413,0.027740672401378275,1.7937603693379884,0.6597304378654258,0.11980941092454421,0.4634005299087269,0.2817355961476308
0.8820000000000001,1.0869427388702033,0.9951199691619155,0.437242226412143,0.027709489259751245,1.8746642359182448,0.6549872460403019,0.11964935773006774,0.4620270094895206,0.2812251270593981
0.8840000000000003,1.2319124607840306,1.1353376181969979,0.4781388958678573,0.027678376139845508,1.955186038546757,0.6503105838207462,0.11948973135045489,0.46066155223395405,0.280716499829261
0.8860000000000001,1.3852007587020143,1.291649050981224,0.5004236914934584,0.027647332806092353,2.0330883222291987,0.6456990865374423,0.1193305300816685,0.4593040878351381,0.2802097045314942
0.8880000000000003,1.5439117775214894,1.4612250802308215,0.4984825389860663,0.027616359023978448,2.1055768184223016,0.6411514258679185,0.11917175222872488,0.4579545467954568,0.2797047313113829
0.8900000000000001,1.704293585092377,1.6390502121157051,0.46704499392509186,0.027585454560040003,2.1694134321074463,0.6366663086603539,0.11901339610563447,0.4566128604150448,0.27920157038459287
0.8920000000000003,1.8618112989914757,1.8178540399374479,0.4021790677489651,0.027554619181856834,2.221172542595373,0.6322424758016307,0.11885546003534174,0.45527896078045327,0.27870021203654294
0.8940000000000001,2.0114401669546673,1.9885792644987863,0.3023971792925431,0.027523852658046615,2.2576407773429374,0.6278787011277916,0.11869794234966652,0.4539527807535133,0.2782006466217875
0.8960000000000004,2.148173202741914,2.141473267576362,0.16952980043128296,0.027493154758259027,2.27630098777628,0.6235737903750832,0.11854084138924507,0.45263425396038104,0.277702864563403
0.8980000000000001,2.2676514206261214,2.267633673312675,0.008971573224976277,0.027462525253170077,2.275779942569821,0.6193265801699114,0.11838415550347227,0.45132331478077037,0.277206856352383
0.9000000000000004,2.3667497364312164,2.3605691239333377,-0.17093193390887237,0.0274319639144763,2.256116790082845,0.6151359370560511,0.11822788305044361,0.4500198983373637,0.27671261254703805
0.9020000000000001,2.4439419483277773,2.417245793513579,-0.36024300206538445,0.027401470514889177,2.218755173653199,0.6110007565575889,0.11807202239689826,0.4487239404854017,0.2762201237724028
0.9040000000000004,2.4993440355773915,2.4382816406896355,-0.549093114919629,0.02737104482812944,2.1662619608386477,0.6069199622760882,0.11791657191816211,0.44743537780244286,0.27572938071964903
0.9060000000000001,2.5344568979074498,2.427318165205678,-0.7291078741950278,0.02734068662892154,2.1018738974665077,0.6028925050205913,0.11776152999809161,0.44615414757829713,0.2752403741455052
0.9079999999999999,2.551726982925409,2.3899066145302754,-0.8942354104004424,0.027310395692988005,2.02901554761443,0.5989173619690839,0.11760689502901765,0.4448801878051226,0.274753094871681
0.9100000000000001,2.554070799380187,2.332330584684587,-1.0409186769346581,0.027280171797043975,1.9509063188556102,0.5949935358601538,0.11745266541169025,0.44361343716768764,0.2742675337842992
0.9119999999999999,2.544473921381668,2.260670378420566,-1.1677829321938293,0.027250014718791724,1.8703122961114624,0.5911200542136055,0.11729883955522372,0.44235383503379505,0.2737836818333337
0.9140000000000001,2.5257149024409533,2.1802265622648545,-1.2750874109672201,0.027219924236915168,1.7894401431461315,0.5872959685788478,0.11714541587704172,0.44110132144485864,0.2733015300320511
0.9159999999999999,2.500213925835757,2.095273379699323,-1.3641477703190459,0.0271899001310745,1.7099372202458856,0.5835203538099537,0.11699239280282349,0.43985583710664033,0.27282106945646134
0.9180000000000001,2.4699788122101856,2.0090450540719105,-1.436848392655409,0.027159942181900786,1.6329544295197727,0.5797923073662944,0.11683976876644968,0.43861732338013254,0.2723422912447711
0.9199999999999999,2.4366142886789293,1.92385255581385,-1.49528610482504,0.02713005017099061,1.5592357758676982,0.5761109486377489,0.11668754220994956,0.43738572227259515,0.271865186596845
0.9220000000000002,2.40136526438731,1.8412527480465117,-1.5415393121218495,0.02710022388090079,1.4892109120859303,0.5724754182934845,0.11653571158344764,0.4361609764287337,0.27138974677367117
0.9239999999999999,2.365173526917891,1.762221722140008,-1.5775361848309915,0.02707046309514314,1.423077982504175,0.5688848776533995,0.11638427534511159,0.43494302912202276,0.2709159630968331
0.9260000000000002,2.328735421870714,1.6873081600730604,-1.604992161359748,0.027040767598179152,1.3608717970722792,0.5653385080813044,0.11623323196109976,0.4337318242461689,0.270443826947986
0.9279999999999999,2.29255412023078,1.6167581278715937,-1.6253915067294604,0.02701113717541487,1.3025168693120301,0.5618355103990169,0.11608257990550992,0.4325273063067132,0.26997332976834015
0.9300000000000002,2.2569839438280517,1.5506112204982179,-1.6399943187592612,0.02698157161319566,1.247867023822508,0.558375104320521,0.11593231766032765,0.43132942041276545,0.2695044630581474
0.9319999999999999,2.2222664046897487,1.4887718009968285,-1.649856508296816,0.026952070698801147,1.1967340313954407,0.5549565279054383,0.11578244371537569,0.43013811226887466,0.26903721837619526
0.9340000000000002,2.18855868695596,1.4310602168520665,-1.6558550002925112,0.02692263422044004,1.148907735578596,0.5515790370310338,0.11563295656826324,0.4289533281670274,0.2685715873393038
0.9359999999999999,2.15595571290484,1.377248692318982,-1.658713680992796,0.02689326196724513,1.1041698143057523,0.5482419048820667,0.11548385472433616,0.4277750149787762,0.2681075616218304
0.9380000000000002,2.124506994173684,1.3270858815915487,-1.659027736710054,0.026863953729268194,1.0623029051739052,0.5449444214577752,0.11533513669662697,0.42660312014748947,0.267645132955177
0.94,2.0942293625939676,1.280313236439399,-1.6572853223717416,0.026834709297475078,1.0230964244059626,0.5416858930953635,0.11518680100580571,0.4254375916807296,0.26718429312730396
0.9420000000000002,2.065116507024766,1.2366755790165915,-1.6538862415082083,0.026805528463740597,0.9863500712190703,0.5384656420093379,0.11503884618013088,0.42427837814274794,0.2667250339822484
0.944,2.0371460669017254,1.1959276405864585,-1.649157717252803,0.026776411020843775,0.9518757406829389,0.5352830058461138,0.11489127075540106,0.4231254286471008,0.2662673474196476
0.9460000000000002,2.010284874219749,1.1578378365461692,-1.6433675242558492,0.026747356762462766,0.9194983634296524,0.5321373372532964,0.11474407327490635,0.42197869284937983,0.2658112253942665
0.948,1.9844928018477075,1.1221901802308587,-1.6367348227427672,0.026718365483170112,0.8890560387472628,0.5290280034631017,0.11459725228938102,0.4208381209400596,0.2653566599155316
0.9500000000000002,1.9597255681303734,1.0887849686331492,-1.6294390428802261,0.02668943697842783,0.8603997171013807,0.5259543858893703,0.11445080635695555,0.41970366363745454,0.2649036430470673
0.952,1.935936762965415,1.0574386793404813,-1.6216271426057436,0.026660571044582634,0.8333926088334694,0.5229158797376854,0.11430473404310997,0.4185752721807885,0.2644521669062398
0.9540000000000002,1.9130792951345916,1.027983380238528,-1.6134195236906104,0.02663176747886115,0.8079094394790324,0.5199118936280929,0.11415903392062678,0.4174528983233704,0.2640022236637023
0.956,1.891106410788209,1.0002658565742437,-1.6049148491730199,0.026603026079365162,0.7838356325204904,0.5169418492299721,0.11401370456954486,0.41633649432587866,0.263553805542948
0.9580000000000002,1.8699723952420069,0.9741465922762707,-1.5961939655704933,0.0265743466450669,0.7610664727184937,0.5140051809085961,0.1138687445771131,0.4152260129497472,0.2631069048198648
0.96,1.8496330418416864,0.9494986955064202,-1.5873230977668462,0.026545728975804383,0.7395062839973523,0.5111013353829708,0.11372415253774508,0.41412140745065706,0.26266151382229697
0.9620000000000002,1.8300459503447817,0.9262068261244188,-1.5783564539145984,0.02651717287227669,0.7190676426964683,0.5082297713945204,0.1135799270529734,0.41302263157212527,0.26221762492960893
0.964,1.8111707013233236,0.9041661607051763,-1.569338352034921,0.026488678136039435,0.6996706380541754,0.505389959386251,0.11343606673140501,0.4119296395391963,0.2617752305722554
0.9660000000000002,1.7929689411697667,0.8832814158448277,-1.5603049587893356,0.026460244569500073,0.6812421857912898,0.5025813811919874,0.1132925701886762,0.41084238605222684,0.2613343232313539
0.968,1.7754044033833398,0.8634659405414735,-1.5512857135543348,0.02643187197591343,0.6637153967116418,0.4998035297353453,0.11314943604740865,0.4097608262807697,0.2608948954382639
0.9700000000000002,1.7584428851627927,0.8446408819033062,-1.542304496847899,0.026403560159377046,0.6470289997016867,0.4970559087380693,0.11300666293716517,0.40868491585754746,0.2604569397741673
0.972,1.7420521933649777,0.8267344242494598,-1.5333805907760292,0.026375308924826795,0.6311268169477583,0.494338032437422,0.11286424949440625,0.4076146108725223,0.2600204488696558
0.9740000000000002,1.7262020701800895,0.8096810990799486,-1.5245294699961405,0.026347118078032337,0.6159572882856001,0.49164942531228306,0.11272219436244652,0.4065498678670525,0.2595854154043202
0.976,1.7108641061059136,0.7934211618824242,-1.51576345431559,0.026318987425592664,0.6014730411366808,0.4889896218176726,0.11258049619141207,0.4054906438281408,0.25915183210634574
0.9780000000000002,1.6960116457375534,0.7779000309556839,-1.5070922481110933,0.02629091677493171,0.5876305023178552,0.4863581661273796,0.11243915363819744,0.4044368961827671,0.25871969175210924
0.98,1.6816196903490417,0.7630677831158756,-1.4985233869847443,0.026262905934293927,0.5743895480320059,0.48375461188443375,0.11229816536642355,0.40338858279231027,0.2582889871657827
0.9820000000000002,1.6676648000963423,0.7488787011406192,-1.490062608234403,0.026234954712739934,0.561713188485011,0.48117852195912614,0.11215753004639538,0.40234566194705024,0.25785971121893786
0.984,1.6541249978194843,0.7352908679838026,-1.4817141586253857,0.02620706292014221,0.5495672837808743,0.4786294682143365,0.11201724635506066,0.4013080923607568,0.2574318568301583
0.9860000000000002,1.640979675790135,0.7222658030803187,-1.4734810504573985,0.02617923036718071,0.537920287988569,0.47610703127789666,0.11187731297596801,0.40027583316535637,0.2570054169646517
0.988,1.6282095062855966,0.7097681364042533,-1.4653652749072565,0.026151456865338665,0.5267430185301367,0.473610800321764,0.1117377285992262,0.3992488439056813,0.2565803846338685
0.9900000000000002,1.6157963565283398,0.6977653163105104,-1.4573679799983088,0.02612374222689826,0.5160084482950915,0.4711403728477558,0.1115984919214631,0.39822708453429545,0.256156752895123
0.992,1.6037232082818702,0.6862273475576347,-1.4494896192266808,0.026096086264936452,0.5056915181331308,0.46869535447963784,0.11145960164578546,0.3972105154063988,0.2557345148512187
0.9940000000000002,1.5919740822143837,0.6751265562639562,-1.4417300758011191,0.026068488793320743,0.49576896760973177,0.4662753587613332,0.11132105648173836,0.39619909727480646,0.25531366365007685
0.996,1.5805339670147835,0.6644373788831485,-1.434088766579803,0.02604094962670503,0.48621918212529647,0.4638800069610621,0.11118285514526582,0.39519279128500334,0.2548941924843693
0.9980000000000002,1.569388753157048,0.65413617259388,-1.4265647290747323,0.026013468580525407,0.47702205469638387,0.4615089278811955,0.11104499635867068,0.39419155897027064,0.25447609459115417
1.0,1.558525171149473,0.6442010447805542,-1.4191566943118497,0.025986045470996123,0.46815886087774383,0.45916175767364886,0.11090747885057567,0.39319536224688645,0.254059363251516
1.0020000000000002,1.5479307340667774,0.6346116995374715,-1.4118631478577075,0.025958680115105392,0.4596121454663484,0.4568381396606128,0.11077030135588428,0.39220416340939457,0.253643991790208
1.004,1.53759368414041,0.6253492993586885,-1.4046823809317452,0.025931372330611397,0.45136561977494255,0.4545377241604609,0.110633462615742,0.39121792512594517,0.2532299735752992
1.0060000000000002,1.5275029431708307,0.6163963403813729,-1.3976125332008158,0.025904121936038218,0.4434040683934382,0.4522601683186464,0.11049696137749798,0.39023661043370156,0.2528173020178241
1.008,1.5176480665224286,0.6077365397339458,-1.3906516285869281,0.025876928750671806,0.43571326447356273,0.4500051359434396,0.1103607963946669,0.3892601827343174,0.2524059705714365
1.0100000000000002,1.5080192004640534,0.599354733703141,-1.383797605199503,0.025849792594555995,0.42827989267630256,0.44777229734633117,0.11022496642689082,0.3882886057894754,0.2519959727320652
1.012,1.4986070426248297,0.5912367855788888,-1.3770483403218208,0.025822713288488557,0.42109147901461513,0.4455613291869641,0.11008947023990209,0.3873218437164956,0.2515873020375753
1.0140000000000002,1.489402805343874,0.5833695021638784,-1.370401671230472,0.025795690654017198,0.4141363269062836,0.44337191432243256,0.10995430660548558,0.3863598609840043,0.2511799520674299
1.016,1.4803981817035263,0.5757405580481612,-1.3638554125014495,0.02576872451343572,0.40740345882524853,0.4412037416608193,0.10981947430144187,0.38540262240766754,0.2507739164423584
1.0180000000000002,1.4715853140473287,0.5683384268492817,-1.3574073703521203,0.02574181468978005,0.40088256300479563,0.4390565060188228,0.10968497211155043,0.38445009314598494,0.25036918882402437
1.02,1.4629567647963153,0.5611523187071803,-1.3510553544813981,0.02571496100682444,0.3945639447039529,0.43692990798335374,0.10955079882553315,0.38350223869614586,0.2499657629146999
1.0220000000000002,1.4545054893893106,0.55417212340135,-1.3447971877976534,0.025688163289077533,0.38843848159977395,0.4348236537769628,0.10941695323901802,0.38255902488994326,0.24956363245694052
1.024,1.446224811185071,0.5473883585271037,-1.3386307143631129,0.02566142136177865,0.3824975829139577,0.4327374551269891,0.10928343415350335,0.3816204178897485,0.24916279123326487
1.0260000000000002,1.4381083981756573,0.5407921222289664,-1.332553805832412,0.0256347350508939,0.37673315192278123,0.430671029138299,0.10915024037632175,0.3806863841845411,0.24876323306583645
1.028,1.4301502413716503,0.534375050043501,-1.3265643666201785,0.025608104183112445,0.37113755153552835,0.42862409816951486,0.10901737072060509,0.37975689058599904,0.24836495181614915
1.0300000000000002,1.4223446347302595,0.5281292754517365,-1.3206603379964055,0.025581528585842762,0.36570357265865094,0.42659638971261,0.10888482400524895,0.37883190422463986,0.24796794138471512
1.032,1.4146861565074187,0.5220473937839694,-1.3148397012781057,0.025555008087208883,0.36042440509161044,0.42458763627577745,0.10875259905487794,0.377911392546022,0.2475721957107558
1.0340000000000003,1.4071696519241084,0.5161224291572547,-1.3091004802600261,0.025528542516046696,0.35529361072576765,0.42259757526945924,0.10862069469981084,0.37699532330699553,0.24717770877189607
1.036,1.3997902170459402,0.5103478041594082,-1.303440743005677,0.02550213170190032,0.3503050988405167,0.4206259488954475,0.10848910977602641,0.3760836645720095,0.24678447458386132
1.0380000000000003,1.392543183782912,0.5047173120228966,-1.297858603101521,0.025475775475018336,0.3454531033110849,0.4186725040389522,0.1083578431251288,0.37517638470946885,0.2463924872001768
1.04,1.3854241059238184,0.4992250910584308,-1.2923522204617877,0.025449473666350263,0.3407321615606293,0.41673699216355503,0.10822689359431424,0.3742734523881447,0.24600174071187064
1.0420000000000003,1.3784287461265254,0.4938656011414117,-1.2869198017581271,0.02542322610754288,0.3361370951054054,0.41481916920894973,0.1080962600363367,0.37337483657363363,0.24561222924717893
1.044,1.3715530637917723,0.48863360206532197,-1.2815596005372776,0.02539703263093665,0.33166299155636436,0.4129187954913939,0.10796594130947493,0.3724805065248678,0.24522394697125421
1.0460000000000003,1.3647932037538633,0.48352413359465113,-1.276269917080347,0.025370893069562157,0.3273051879534629,0.4110356356067796,0.10783593627749899,0.3715904317906732,0.2448368880858759
1.048,1.3581454857270743,0.4785324970665846,-1.2710490980493434,0.02534480725713655,0.32305925532068996,0.4091694583362538,0.10770624380963745,0.37070458220637686,0.24445104682916433
1.0500000000000003,1.3516063944514203,0.4736542384054052,-1.2658955359596478,0.02531877502806003,0.3189209843402063,0.4073200365543002,0.10757686278054453,0.3698229278904597,0.24406641747529687
1.052,1.345172570486024,0.468885132426839,-1.2608076685113565,0.02529279621741233,0.31488637205344777,0.40548714713922085,0.10744779207026779,0.3689454392412585,0.24368299433422688
1.0540000000000003,1.3388408016023956,0.46422116832133076,-1.255783977807379,0.025266870660949247,0.3109516095054254,0.40367057088593145,0.10731903056421566,0.36807208693371113,0.24330077175140521
1.056,1.332608014733796,0.45965853621587405,-1.2508229894819767,0.025240998195099184,0.3071130702561166,0.4018700924210162,0.10719057715312556,0.367202841916149,0.24291974410750442
1.0580000000000003,1.3264712684402717,0.455193614723448,-1.2459232717597601,0.025215178656959696,0.3033672996896246,0.40008550011996075,0.10706243073303205,0.3663376754071315,0.24253990581814544
1.06,1.320427745852212,0.4508229593976755,-1.2410834344621136,0.025189411884294074,0.29971100505801307,0.39831658602651154,0.10693459020523537,0.36547655889232694,0.2421612513336268
1.0620000000000003,1.3144747480581258,0.4465432920178946,-1.236302127975316,0.025163697715527965,0.29614104620223847,0.3965631457740862,0.10680705447626992,0.3646194641214336,0.24178377513865637
1.064,1.3086096879051063,0.44235149063676116,-1.2315780421924285,0.02513803598974598,0.2926544268976834,0.3948249785091879,0.10667982245787318,0.36376636310514554,0.24140747175208585
1.0660000000000003,1.3028300841828193,0.4382445803286187,-1.226909905439028,0.025112426546688327,0.2892482867762927,0.39310188681675146,0.10655289306695502,0.36291722811215743,0.24103233572664695
1.068,1.2971335561641932,0.43421972458248786,-1.2222964833912737,0.025086869226747528,0.28591989378147903,0.3913936766473777,0.10642626522556678,0.36207203166621366,0.24065836164869103
1.0700000000000003,1.2915178184779819,0.43027421728848864,-1.2177365779933291,0.025061363870965015,0.28266663711564566,0.38970015724638885,0.1062999378608708,0.3612307465431934,0.24028554413793016
1.072,1.285980676290337,0.42640547527108297,-1.213229026380013,0.025035910321027945,0.279486020643599,0.3880211410846651,0.10617390990511044,0.36039334576823984,0.23991387784718146
1.0740000000000003,1.2805200207742025,0.4226110313265633,-1.2087726998094646,0.025010508419265824,0.2763756567181444,0.38635644379119666,0.10604818029557977,0.35955980261292453,0.23954335746211303
1.076,1.2751338248470148,0.41888852772595,-1.2043665026098007,0.02498515800864731,0.2733332603969917,0.38470588408731704,0.10592274797459397,0.35873009059245314,0.23917397770099263
1.0780000000000003,1.2698201391585842,0.4152357101477575,-1.2000093711429145,0.024959858932776954,0.27035664402257936,0.38306928372255633,0.10579761188945945,0.35790418346290703,0.23880573331443852
1.08,1.2645770883124634,0.4116504220081634,-1.195700272788013,0.02493461103589202,0.2674437121387791,0.38144646741207694,0.10567277099244483,0.3570820552185231,0.23843861908517275
1.0820000000000003,1.259402867305273,0.40813059915880523,-1.1914382049468693,0.024909414162859227,0.26459245672048987,0.37983726277564256,0.10554822424075135,0.35626368008900977,0.23807262982777622
1.084,1.2542957381696596,0.4046742649249709,-1.1872221940723673,0.024884268159171642,0.2618009526940913,0.3782415002780793,0.10542397059648427,0.355449032536899,0.237707760388447
1.0860000000000003,1.2492540268075634,0.40127952545916046,-1.1830512947214855,0.024859172870945464,0.2590673537284209,0.3766590131711839,0.10530000902662374,0.35463808725493406,0.237344005644759
1.088,1.2442761200014762,0.397944565387092,-1.1789245886335589,0.02483412814491693,0.25638988827757697,0.3750896374370436,0.10517633850299656,0.3538308191634928,0.23698136050542548
1.0900000000000003,1.239360462592226,0.39466764372505675,-1.1748411838343633,0.02480913382843915,0.2537668558582592,0.3735332117327205,0.10505295800224737,0.3530272034080431,0.2366198199100618
1.092,1.2345055548126864,0.3914470900492633,-1.170800213766355,0.024784189769479076,0.2511966235457288,0.37198957733627164,0.10492986650581107,0.35222721535663565,0.23625937882895284
1.0940000000000003,1.2297099497675055,0.3882813008993233,-1.1668008364451623,0.024759295816614325,0.2486776226736461,0.3704585780940584,0.10480706299988428,0.35143083059742636,0.23590003226282075
1.096,1.224972251049726,0.38516873639948734,-1.1628422336423179,0.024734451819030213,0.2462083457241972,0.3689400603693179,0.10468454647539778,0.35063802493623525,0.23554177524259573
1.0980000000000003,1.2202911104857208,0.3821079170824821,-1.158923610094022,0.024709657626516633,0.24378734339590202,0.36743387299195357,0.10456231592798905,0.34984877439413387,0.2351846028291885
1.1,1.2156652260005516,0.37909742090202414,-1.1550441927356745,0.024684913089465087,0.24141322183746952,0.36593986720952026,0.1044403703579746,0.34906305520506853,0.23482851011326525
1.1020000000000003,1.2110933395963264,0.3761358804211209,-1.1512032299617694,0.02466021805886561,0.23908464003688984,0.3644578966393618,0.10431870877032301,0.3482808438135111,0.23447349221502387
1.104,1.2065742354367086,0.37322198016429287,-1.1473999909107206,0.02463557238630388,0.23680030735577462,0.3629878172218786,0.10419733017462784,0.34750211687214333,0.2341195442839728
1.1060000000000003,1.2021067380311372,0.3703544541227134,-1.1436337647740769,0.02461097592395813,0.23455898119965093,0.3615294871748861,0.10407623358508061,0.34672685123957103,0.23376666149871186
1.108,1.1976897105128144,0.36753208340213256,-1.1399038601295977,0.02458642852459628,0.23235946481561104,0.36008276694904295,0.10395541802044454,0.34595502397806677,0.23341483906671454
1.1100000000000003,1.1933220530048458,0.3647536940041622,-1.1362096042975602,0.024561930041572956,0.2302006052093047,0.3586475191843112,0.10383488250402768,0.3451866123513438,0.23306407222411268
1.112,1.1890027010693762,0.3620181547322423,-1.132550342719711,0.0245374803288266,0.22808129117385487,0.35722360866743075,0.10371462606365697,0.34442159382235865,0.23271435623548328
1.1140000000000003,1.1847306242348123,0.3593243752142007,-1.1289254383601837,0.024513079240876527,0.22600045142377112,0.35581090229037055,0.10359464773165197,0.3436599460511408,0.23236568639363614
1.116,1.180504824596645,0.3566713040339492,-1.1253342711277736,0.02448872663282009,0.22395705282744244,0.3544092690097394,0.10347494654479891,0.3429016468926531,0.23201805801940506
1.1180000000000003,1.176324335487576,0.354057926965356,-1.12177623731887,0.02446442236032976,0.2219500987322085,0.3530185798071234,0.10335552154432516,0.3421466743946775,0.2316714664614391
1.12,1.172188220213033,0.3514832653018735,-1.1182507490804243,0.024440166279650337,0.21997862737644414,0.3516387076503339,0.10323637177587346,0.34139500679572965,0.23132590709599715
1.1220000000000003,1.1680955708483127,0.34894637427591446,-1.1147572338922673,0.024415958247596046,0.21804171038344491,0.3502695274555309,0.10311749628947674,0.3406466225229997,0.23098137532674343
1.124,1.1640455070939206,0.34644634156243315,-1.1112951340681505,0.02439179812154778,0.21613845133227705,0.34891091605021185,0.10299889413953268,0.3399015001903199,0.2306378665845452
1.1260000000000003,1.1600371751858112,0.3439822858615152,-1.107863906274847,0.024367685759450274,0.2142679844010529,0.3475627521370305,0.1028805643847789,0.3391596185961581,0.23029537632727223
1.1280000000000001,1.1560697468575225,0.34155335555518146,-1.1044630210687054,0.0243436210198093,0.21242947307842072,0.3462249162584341,0.10276250608826798,0.33842095672163736,0.22995390003959762
1.1300000000000003,1.152142418351298,0.33915872743389364,-1.1010919624490043,0.024319603761688964,0.21062210893930738,0.3448972907620911,0.10264471831734284,0.3376854937285801,0.22961343323280128
1.1320000000000001,1.1482544094755711,0.33679760548861026,-1.0977502274275468,0.024295633844708873,0.20884511048123625,0.3435797597670943,0.10252720014361213,0.3369532089575787,0.22927397144457407
1.1340000000000003,1.1444049627062312,0.3344692197644643,-1.094437325613852,0.024271711129041466,0.20709772201775908,0.34227220913091205,0.10240995064292599,0.33622408192608827,0.22893551023882433
1.1360000000000001,1.1405933423293773,0.33217282527245584,-1.0911527788154207,0.02424783547540928,0.20537921262578251,0.3409745264170782,0.10229296889535179,0.3354980923265471,0.22859804520548616
1.1380000000000003,1.1368188336232843,0.32990770095573957,-1.0878961206524742,0.024224006745082207,0.20368887514375525,0.3396866008635905,0.10217625398515015,0.33477522002451676,0.22826157196032865
1.1400000000000001,1.1330807420775375,0.3276731487073581,-1.0846668961866537,0.02420022479987487,0.20202602521789587,0.3384083233520112,0.10205980500075103,0.3340554450568502,0.22792608614476803
1.1420000000000003,1.1293783926473497,0.3254684924364401,-1.0814646615631331,0.024176489502143912,0.2003900003937957,0.3371395863772404,0.10194362103473009,0.333338747629879,0.22759158342567992
1.1440000000000001,1.12571112904124,0.323293077180112,-1.078288983665658,0.024152800714785354,0.19878015925091955,0.3358802840179553,0.10182770118378523,0.3326251081176268,0.22725805949521463
1.1460000000000004,1.1220783130403198,0.3211462682585126,-1.0751394397839944,0.024129158301231936,0.19719588057765874,0.3346303119076893,0.10171204454871297,0.33191450706004194,0.22692551007061304
1.1480000000000001,1.1184793238475792,0.31902745047050585,-1.072015617293343,0.02410556212545055,0.1956365625847572,0.333389567206545,0.10159665023438559,0.33120692516125616,0.2265939308940249
1.1500000000000004,1.1149135574656104,0.3169360273278012,-1.0689171133452275,0.02408201205193955,0.19410162215504098,0.33215794857351294,0.10148151734972773,0.33050234328786116,0.2262633177323278
1.1520000000000001,1.1113804261013471,0.31487142032537224,-1.0658435345694481,0.024058507945726226,0.1925904941275318,0.33093535613939334,0.10136664500769375,0.32980074246720975,0.2259336663769488
1.1540000000000004,1.107879357596432,0.31283306824616136,-1.0627944967866438,0.024035049672364184,0.19110263061411428,0.32972169148029634,0.10125203232524486,0.3291021038857364,0.22560497264368642
1.1560000000000001,1.104409794881951,0.31082042649821795,-1.0597696247310822,0.024011637097930843,0.189637500347062,0.32851685759171184,0.10113767842332656,0.3284064088873001,0.22527723237253539
1.1580000000000004,1.1009711954562944,0.30883296648249775,-1.056768551783257,0.02398827008902477,0.18819458805580405,0.3273207588631314,0.10102358242684616,0.32771363897154565,0.22495044142751144
1.1600000000000001,1.0975630308850304,0.3068701749896916,-1.053790919711937,0.023964948512763286,0.18677339387142966,0.32613330105321203,0.10090974346465058,0.327023775792289,0.22462459569647952
1.162,1.0941847863216787,0.3049315536245215,-1.0508363784252777,0.023941672236779857,0.1853734327574981,0.32495439126546477,0.10079616066950421,0.32633680115591773,0.22429969109098158
1.1640000000000001,1.0908359600483963,0.30301661825606396,-1.047904585730669,0.023918441129221608,0.18399423396582004,0.32378393792445814,0.10068283317806677,0.32565269701981575,0.2239757235460669
1.166,1.0875160630355858,0.30112489849272284,-1.0449952071029642,0.023895255058746866,0.18263534051594282,0.3226218507525232,0.10056976013087168,0.32497144549080503,0.22365268902012406
1.1680000000000001,1.0842246185195277,0.2992559371805709,-1.0421079154607709,0.023872113894522626,0.18129630869714572,0.32146804074694535,0.1004569406723042,0.32429302882360633,0.22333058349471308
1.17,1.0809611615971795,0.29740928992385274,-1.0392423909505006,0.023849017506222165,0.17997670759182838,0.3203224201576369,0.10034437395058007,0.3236174294193211,0.22300940297440106
1.1720000000000002,1.0777252388373122,0.2955845246265025,-1.0363983207378649,0.023825965764022537,0.1786761186192226,0.31918490246527076,0.1002320591177239,0.3229446298239285,0.2226891434865967
1.174,1.0745164079072327,0.29378122105361626,-1.0335753988065453,0.023802958538602155,0.17739413509843646,0.3180554023598728,0.10011999532954798,0.3222746127268046,0.22236980108138876
1.1760000000000002,1.0713342372143446,0.2919989704118546,-1.0307733257637484,0.023779995701138385,0.17613036182987543,0.31693383571985406,0.10000818174563127,0.32160736095925624,0.22205137183138376
1.178,1.0681783055618739,0.2902373749478367,-1.0279918086523963,0.023757077123305142,0.17488441469415725,0.3158201195914786,0.09989661752929836,0.3209428574930756,0.22173385183154665
1.1800000000000002,1.0650482018180896,0.2884960475636162,-1.0252305607696828,0.023734202677270486,0.1736559202676674,0.31471417216875086,0.09978530184759853,0.32028108543911016,0.2214172371990418
1.182,1.0619435245984181,0.28677461144840305,-1.0224893014917702,0.023711372235694268,0.17244451545396655,0.31361591277371875,0.0996742338712852,0.3196220280458519,0.2211015240730759
1.1840000000000002,1.058863881959837,0.28507269972571914,-1.0197677561043719,0.023688585671725725,0.17124984713028582,0.3125252618371754,0.09956341277479527,0.31896566869804127,0.22078670861474187
1.186,1.0558088911070287,0.2833899551152473,-1.017065655639021,0.023665842859001193,0.1700715718084058,0.3114421408797587,0.09945283773622887,0.318311990915291,0.22047278700686454
1.1880000000000002,1.0527781781097252,0.2817260296086472,-1.0143827367147864,0.023643143671641713,0.16890935530923407,0.3103664724934292,0.09934250793732874,0.3176609783507238,0.2201597554538468
1.19,1.0497713776307793,0.2800805841586759,-1.0117187413852524,0.023620487984250753,0.16776287245045013,0.3092981803233282,0.09923242256346045,0.31701261478962806,0.2198476101815183
1.1920000000000002,1.0467881326644557,0.2784532883809666,-1.0090734169905402,0.023597875671911857,0.16663180674660422,0.3082371890499969,0.09912258080359215,0.31636688414812897,0.21953634743698391
1.194,1.043828094284517,0.2768438202678728,-1.0064465160142073,0.02357530661018641,0.16551585012110276,0.3071834243719578,0.09901298185027478,0.3157237704718764,0.2192259634884748
1.1960000000000002,1.040890921401655,0.2752518659137999,-1.003837795944822,0.023552780675111285,0.16441470262952937,0.3061368129886398,0.09890362489962222,0.3150832579347472,0.21891645462520007
1.198,1.0379762805298736,0.2736771192514924,-1.0012470191420473,0.023530297743196628,0.1633280721937927,0.30509728258365054,0.09879450915129188,0.3144453308375646,0.21860781715719987
1.2000000000000002,1.0350838455614273,0.27211928179876077,-0.998673952707068,0.023507857691423564,0.1622556743466042,0.30406476180837544,0.09868563380846483,0.3138099736068314,0.21830004741519923
1.202,1.032213297549954,0.2705780624151694,-0.996118368357196,0.023485460397242,0.16119723198582925,0.3030391802659082,0.09857699807782691,0.3131771707934792,0.21799314175046422
1.2040000000000002,1.0293643245014437,0.26905317706822324,-0.9935800423044984,0.02346310573856833,0.1601524751382627,0.30202046849529396,0.09846860116954906,0.312546907071632,0.21768709653465806
1.206,1.026536621172724,0.2675443486086257,-0.9910587551383111,0.023440793593783288,0.1591211407324192,0.3010085579560876,0.09836044229726847,0.31191916723738494,0.21738190815969924
1.2080000000000002,1.0237298888771242,0.266051306554188,-0.9885542917114764,0.02341852384172969,0.15810297237993212,0.30000338101321206,0.0982525206780695,0.31129393620759704,0.2170775730376207
1.21,1.0209438352970435,0.26457378688200983,-0.9860664410301921,0.023396296361710263,0.1570977201651916,0.2990048709221165,0.09814483553246486,0.3106711990186984,0.2167740876004297
1.2120000000000002,1.0181781743031058,0.26311153182855057,-0.9835949961473162,0.023374111033485457,0.1561051404428558,0.2980129618142208,0.09803738608437684,0.31005094082551093,0.2164714482999697
1.214,1.015432625779658,0.2616642896972512,-0.981139754059025,0.023351967737271294,0.1551249956429011,0.2970275886826481,0.0979301715611187,0.30943314690008467,0.21616965160778262
1.2160000000000002,1.0127069154563235,0.2602318146733617,-0.978700515604682,0.023329866353737187,0.1541570540828795,0.296048687368229,0.09782319119337615,0.3088178026305452,0.21586869401497227
1.218,1.0100007747453887,0.25881386664567035,-0.9762770853698259,0.02330780676400383,0.153201089787083,0.2950761945457813,0.09771644421518903,0.30820489351995706,0.2155685720320701
1.2200000000000002,1.0073139405847569,0.25741021103481926,-0.9738692715921377,0.023285788849641022,0.15225688231231255,0.2941100477106511,0.09760992986393312,0.3075944051851982,0.21526928218889993
1.222,1.0046461552862767,0.2560206186279367,-0.97147688607031,0.0232638124926656,0.15132421657998107,0.293150185165515,0.09750364738030172,0.30698632335585024,0.21497082103444595
1.2240000000000002,1.0019971663891971,0.25464486541929804,-0.96909974407569,0.02324187757553929,0.15040288271427565,0.292196546007433,0.09739759600828803,0.30638063387309833,0.2146731851367204
1.226,0.9993667265185702,0.253282732456772,-0.9667376642666168,0.023219983981166634,0.1494926758861341,0.2912490701151515,0.09729177499516703,0.3057773226886473,0.21437637108263286
1.2280000000000002,0.9967545932483871,0.2519340056937937,-0.964390468605345,0.023198131592892895,0.14859339616278666,0.2903076981366455,0.09718618359147758,0.3051763758636474,0.21408037547786052
1.23,0.9941605289692751,0.2505984758466419,-0.9620579822774763,0.023176320294501996,0.14770484836264006,0.2893723714768998,0.09708082105100507,0.3045777795676347,0.21378519494672
1.2320000000000002,0.991584300760559,0.24927593825678707,-0.9597400336137935,0.02315454997021445,0.1468268419152776,0.2884430322859194,0.09697568663076366,0.3039815200774826,0.21349082613203882
1.234,0.9890256802665395,0.24796619275810886,-0.9574364540144373,0.02313282050468533,0.1459591907263735,0.28751962344696813,0.09687077959097878,0.3033875837763651,0.21319726569503003
1.2360000000000002,0.9864844435768,0.24666904354877187,-0.9551470778753202,0.023111131783002194,0.14510171304731503,0.2866020885650271,0.09676609919507001,0.30279595715273383,0.21290451031516572
1.238,0.9839603711104095,0.24538429906757525,-0.9528717425167196,0.023089483690683123,0.14425423134934898,0.28569037195547115,0.09666164470963377,0.3022066267993047,0.21261255669005313
1.2400000000000002,0.9814532475038532,0.24411177187458646,-0.9506102881139619,0.02306787611367463,0.1434165722020644,0.2847844186329548,0.09655741540442614,0.30161957941205725,0.2123214015353109
1.242,0.9789628615025643,0.24285127853589047,-0.9483625576301357,0.02304630893834973,0.14258856615604534,0.2838841743005088,0.09645341055234599,0.3010348017892457,0.21203104158444705
1.2440000000000002,0.9764890058559091,0.2416026395122822,-0.946128396750758,0.02302478205150589,0.1417700476295208,0.2829895853388358,0.09634962942941802,0.30045228083042064,0.21174147358873674
1.246,0.9740314772154997,0.2403656790517484,-0.94390765382033,0.02300329534036309,0.14096085479886145,0.28210059879580784,0.096246071314776,0.2998720035354625,0.21145269431710267
1.2480000000000002,0.971590076036713,0.23914022508558416,-0.9417001797807207,0.02298184869256183,0.14016082949276526,0.28121716237615396,0.09614273549064617,0.2992939570036251,0.211164700555995
1.25,0.9691646064832916,0.23792610912800172,-0.9395058281113127,0.022960441996161183,0.13936981708999446,0.2803392244313429,0.09603962124233059,0.29871812843259204,0.2108774891092732
1.2520000000000002,0.9667548763349114,0.23672316617909026,-0.9373244547708529,0.022939075139636843,0.1385876664205194,0.2794667339496462,0.09593672785819071,0.2981445051175406,0.21059105679808804
1.254,0.9643606968976145,0.23553123463100048,-0.9351559181409532,0.022917748011879204,0.1378142296699444,0.2785996405463877,0.09583405462963114,0.29757307445022013,0.21030540046076562
1.2560000000000002,0.9619818829169932,0.23435015617722177,-0.9330000789711838,0.02289646050219139,0.13704936228708334,0.27773789445436814,0.09573160085108313,0.2970038239180373,0.21002051695269083
1.258,0.9596182524940317,0.2331797757248371,-0.9308568003257073,0.022875212500287404,0.13629292289457035,0.2768814465144666,0.09562936581998882,0.29643674110315427,0.20973640314619366
1.2600000000000002,0.9572696270035044,0.23201994130963619,-0.9287259475314024,0.02285400389629018,0.13554477320238467,0.2760302481664095,0.09552734883678478,0.29587181368159515,0.20945305593043442
1.262,0.9549358310148442,0.23087050401398254,-0.9266073881274318,0.022832834580729686,0.13480477792418513,0.27518425143970987,0.0954255492048864,0.29530902942236464,0.20917047221129154
1.2640000000000002,0.9526166922153855,0.2297313178873222,-0.9245009918161995,0.02281170444454107,0.1340728046963433,0.27434340894476766,0.095323966230672,0.2947483761865737,0.20888864891124898
1.266,0.9503120413359044,0.2286022398692428,-0.9224066304156638,0.02279061337906277,0.13334872399957956,0.273507673864132,0.09522259922346701,0.2941898419265779,0.2086075829692857
1.2680000000000002,0.9480217120783677,0.2274831297149766,-0.920324177812948,0.02276956127603466,0.13263240908309973,0.27267699994391825,0.09512144749552827,0.2936334146851234,0.20832727134076506
1.27,0.9457455410458214,0.22637384992326645,-0.9182535099192227,0.022748548027596183,0.13192373589114587,0.2718513414853811,0.09502051036202877,0.2930790825945038,0.20804771099732575
1.2720000000000002,0.9434833676743332,0.22527426566649628,-0.9161945046258035,0.022727573526284506,0.13122258299186573,0.2710306533366353,0.09491978714104196,0.2925268338757252,0.20776889892677294
1.274,0.9412350341669279,0.2241842447230112,-0.9141470417614396,0.022706637665032746,0.13052883150842282,0.2702148908845259,0.09481927715352652,0.2919766568376814,0.20749083213297137
1.2760000000000002,0.939000385429439,0.22310365741153895,-0.9121110030507413,0.022685740337168046,0.12984236505225855,0.26940401004664083,0.09471897972331107,0.29142853987633816,0.2072135076357378
1.278,0.9367792690082147,0.222032376527642,-0.9100862720737263,0.022664881436409875,0.12916306965843485,0.2685979672634667,0.09461889417707926,0.29088247147392615,0.20693692247073583
1.2800000000000002,0.934571535029612,0.2209702772821204,-0.908072734226432,0.02264406085686812,0.12849083372297687,0.2677967194906803,0.09451901984435428,0.2903384401981429,0.20666107368937037
1.282,0.9323770361412217,0.2199172372413001,-0.9060702766825776,0.022623278493041396,0.12782554794214818,0.2670002241915787,0.09441935605748432,0.28979643470136424,0.2063859583586838
1.2840000000000003,0.9301956274547583,0.21887313626913338,-0.9040787883562277,0.022602534239815182,0.12716710525358582,0.2662084393296388,0.09431990215162751,0.28925644371986287,0.20611157356125226
1.286,0.9280271664905705,0.21783785647105225,-0.9020981598654407,0.022581827992460106,0.1265154007792329,0.2654213233612103,0.09422065746473728,0.28871845607303814,0.2058379163950834
1.2880000000000003,0.9258715131237037,0.2168112821395058,-0.9001282834968581,0.022561159646630143,0.1258703317700012,0.26463883522833276,0.09412162133754744,0.28818246066265096,0.20556498397351416
1.29,0.9237285295314749,0.21579329970112818,-0.8981690531712168,0.022540529098360892,0.125231797552107,0.26386093435168034,0.09402279311355802,0.2876484464720702,0.20529277342511063
1.2920000000000003,0.9215980801425003,0.21478379766547345,-0.8962203644097468,0.022519936244067798,0.12459969947501724,0.2630875806236267,0.09392417213902038,0.2871164025655251,0.2050212818935669
1.294,0.9194800315871379,0.21378266657526884,-0.8942821143014387,0.022499380980544468,0.1239739408609548,0.2623187344014313,0.09382575776292301,0.28658631808736756,0.2047505065376064
1.2960000000000003,0.9173742526492848,0.2127897989581267,-0.8923542014711389,0.022478863204960918,0.1233544269559036,0.2615543565005417,0.09372754933697718,0.28605818226134055,0.2044804445308831
1.298,0.9152806142195019,0.21180508927967073,-0.8904365260484655,0.02245838281486184,0.12274106488206699,0.260794408188013,0.09362954621560282,0.2855319843898571,0.20421109306188368
1.3000000000000003,0.9131989892494036,0.21082843389802175,-0.8885289896375018,0.022437939708164937,0.12213376359172455,0.2600388511760373,0.09353174775591423,0.28500771385328416,0.20394244933383027
1.302,0.9111292527072912,0.20985973101960234,-0.8866314952872625,0.022417533783159197,0.12153243382244461,0.2592876476155866,0.09343415331770619,0.2844853601092364,0.20367451056458497
1.3040000000000003,0.9090712815349719,0.20889888065620899,-0.8847439474628912,0.022397164938503227,0.12093698805360095,0.2585407600901613,0.09333676226343986,0.2839649126918772,0.20340727398655306
1.306,0.9070249546057423,0.2079457845833153,-0.8828662520175852,0.022376833073223558,0.12034734046415534,0.25779815160964836,0.09323957395822913,0.28344636121122646,0.20314073684658923
1.3080000000000003,0.9049901526834805,0.20700034629955738,-0.8809983161652085,0.02235653808671299,0.11976340689165751,0.2570597856042793,0.09314258776982659,0.28292969535247653,0.20287489640590323
1.31,0.9029667583828347,0.2060624709873695,-0.879140048453592,0.02233627987872893,0.1191851047924272,0.25632562591869423,0.09304580306861007,0.2824149048753156,0.2026097499399665
1.3120000000000003,0.9009546561304478,0.20513206547472346,-0.8772913587384792,0.022316058349391734,0.11861235320287387,0.2555956368061036,0.09294921922756882,0.28190197961325775,0.2023452947384193
1.314,0.8989537321272086,0.2042090381979426,-0.8754521581581192,0.022295873399183083,0.11804507270192112,0.25486978292254914,0.09285283562229021,0.2813909094729808,0.2020815281049797
1.3160000000000003,0.8969638743114817,0.20329329916554753,-0.8736223591084713,0.02227572492894432,0.11748318537449418,0.25414802932125974,0.0927566516309461,0.2808816844336708,0.20181844735735127
1.318,0.8949849723232957,0.20238475992310753,-0.8718018752190182,0.02225561283987486,0.1169266147760411,0.2534303414471043,0.09266066663427965,0.2803742945463747,0.20155604982713368
1.3200000000000003,0.8930169174694506,0.2014833335190556,-0.8699906213291546,0.022235537033530563,0.1163752858980481,0.25271668513113327,0.09256488001559181,0.27986872993335715,0.2012943328597322
1.322,0.8910596026895283,0.20058893447144474,-0.8681885134651521,0.022215497411822133,0.11582912513452209,0.2520070265852151,0.09246929116072854,0.27936498078746813,0.20103329381426918
1.3240000000000003,0.8891129225227647,0.19970147873560753,-0.8663954688176662,0.022195493877013483,0.11528806024940401,0.2513013323967578,0.09237389945806716,0.2788630373715133,0.2007729300634952
1.326,0.8871767730757686,0.1988208836726954,-0.8646114057197849,0.022175526331720208,0.1147520203448875,0.2505995695235209,0.09227870429850385,0.27836289001763465,0.20051323899370177
1.3280000000000003,0.8852510519910548,0.1979470680190643,-0.8628362436255939,0.02215559467890797,0.11422093583060967,0.24990170528851058,0.09218370507544028,0.2778645291266946,0.20025421800463422
1.33,0.8833356584163714,0.1970799518564855,-0.8610699030892496,0.022135698821890922,0.1136947383936897,0.24920770737496087,0.09208890118477112,0.2773679451676687,0.19999586450940518
1.3320000000000003,0.8814304929747905,0.1962194565831483,-0.8593123057445391,0.022115838664330156,0.11317336096958494,0.24851754382139482,0.09199429202487082,0.27687312867704394,0.1997381759344091
1.334,0.8795354577355524,0.19536550488543772,-0.8575633742849246,0.02209601411023217,0.11265673771374206,0.24783118301676946,0.0918998769965814,0.27638007025822375,0.1994811497192372
1.3360000000000003,0.8776504561856231,0.19451802071045413,-0.8558230324440445,0.02207622506394725,0.11214480397401423,0.24714859369569642,0.09180565550319937,0.27588876058093836,0.1992247833165929
1.338,0.8757753932019614,0.19367692923925917,-0.8540912049766706,0.02205647143016803,0.1116374962638244,0.2464697449337441,0.09171162695046343,0.2753991903806633,0.19896907419220847
1.3400000000000003,0.8739101750244598,0.19284215686081982,-0.8523678176401013,0.02203675311392787,0.11113475223604746,0.24579460614281218,0.09161779074654197,0.27491135045804116,0.19871401982476142
1.342,0.8720547092295543,0.19201363114663286,-0.850652797175985,0.022017070020599414,0.11063651065759225,0.245123147066585,0.09152414630202056,0.27442523167831256,0.19845961770579287
1.3440000000000003,0.8702089047044679,0.191191280826005,-0.8489460712925536,0.02199742205589301,0.1101427113846586,0.24445533777605488,0.09143069302988972,0.2739408249707506,0.19820586533962467
1.346,0.8683726716220843,0.19037503576197312,-0.847247568647266,0.02197780912585526,0.10965329533865192,0.24379114866511983,0.09133743034553267,0.27345812132810243,0.19795276024327907
1.3480000000000003,0.8665459214164191,0.18956482692783946,-0.8455572188298371,0.021958231136867467,0.1091682044827312,0.24313055044625045,0.09124435766671311,0.27297711180603607,0.19770029994639768
1.35,0.864728566758686,0.1887605863843085,-0.843874952345656,0.021938687995644208,0.10868738179897536,0.2424735141462279,0.0911514744135632,0.2724977875225939,0.19744848199116175
1.3520000000000003,0.8629205215339273,0.18796224725720326,-0.8422007005995704,0.02191917960923179,0.10821077126614474,0.24182001110194767,0.0910587800085713,0.2720201396576504,0.19719730393221255
1.354,0.8611217008182048,0.18716974371574632,-0.8405343958800374,0.021899705885006816,0.10773831783802397,0.24117001295629278,0.09096627387657043,0.27154415945237714,0.19694676333657293
1.3560000000000003,0.8593320208563222,0.18638301095138587,-0.8388759713436226,0.021880266730674735,0.1072699674223242,0.24052349165407014,0.09087395544472594,0.2710698382087118,0.1966968577835688
1.358,0.8575513990400799,0.18560198515715381,-0.8372253609998458,0.021860862054268317,0.10680566686013251,0.23988041943801378,0.09078182414252411,0.270597167288834,0.1964475848647519
1.3600000000000003,0.8557797538870296,0.18482660350753694,-0.8355824996963572,0.021841491764146282,0.10634536390588742,0.23924076884484835,0.09068987940176003,0.27012613811464486,0.19619894218382228
1.362,0.8540170050197307,0.18405680413884828,-0.8339473231044418,0.021822155768991793,0.10588900720786927,0.238604512701418,0.09059812065652628,0.2696567421672545,0.1959509273565528
1.3640000000000003,0.852263073145481,0.18329252613008226,-0.8323197677048363,0.021802853977811062,0.10543654628918625,0.23797162412087317,0.09050654734320102,0.2691889709864718,0.19570353801071236
1.366,0.8505178800365218,0.18253370948424147,-0.8306997707738591,0.021783586299931917,0.10498793152924478,0.23734207649891925,0.09041515890043675,0.2687228161703022,0.19545677178599113
1.3680000000000003,0.8487813485106903,0.18178029511011795,-0.8290872703698353,0.02176435264500236,0.10454311414568652,0.23671584351012254,0.09032395476914869,0.26825826937444786,0.19521062633392566
1.37,0.8470534024125205,0.18103222480452125,-0.82748220531982,0.021745152922989185,0.10410204617678236,0.23609289910427547,0.09023293439250339,0.26779532231181585,0.19496509931782505
1.3720000000000003,0.8453339665947665,0.18028944123493232,-0.8258845152065981,0.021725987044176543,0.10366468046426583,0.23547321750281613,0.0901420972159075,0.2673339667520288,0.1947201884126968
1.374,0.8436229669003543,0.17955188792258134,-0.8242941403559734,0.021706854919164565,0.10323097063659681,0.23485677319530626,0.09005144268699646,0.2668741945209426,0.19447589130517454
1.3760000000000003,0.8419203301447287,0.17881950922592604,-0.8227110218243147,0.021687756458867984,0.1028008710926399,0.23424354093596056,0.08996097025562329,0.26641599750016726,0.19423220569344465
1.3780000000000001,0.8402259840986064,0.17809225032452952,-0.8211351013863776,0.021668691574514717,0.10237433698574866,0.23363349574023304,0.08987067937384759,0.2659593676265941,0.19398912928717515
1.3800000000000003,0.8385398574711055,0.1773700572033175,-0.8195663215233735,0.02164966017764452,0.10195132420824081,0.23302661288145265,0.08978056949592438,0.26550429689192634,0.19374665980744385
1.3820000000000001,0.8368618798932574,0.1766528766372116,-0.8180046254112961,0.021630662180107604,0.10153178937625619,0.23242286788751362,0.08969064007829317,0.26505077734221616,0.1935047949866674
1.3840000000000003,0.8351919819018783,0.17594065617612178,-0.816449956909487,0.021611697494063272,0.10111568981498377,0.23182223653761394,0.08960089057956694,0.2645988010774045,0.1932635325685313
1.3860000000000001,0.8335300949237987,0.17523334413029326,-0.8149022605494424,0.021592766031978596,0.10070298354425013,0.23122469485904598,0.0895113204605216,0.26414836025086746,0.19302287030791973
1.3880000000000003,0.8318761512604385,0.17453088955599383,-0.8133614815238508,0.02157386770662702,0.10029362926445627,0.23063021912403414,0.08942192918408474,0.2636994470689654,0.1927828059708463
1.3900000000000001,0.8302300840727156,0.17383324224153474,-0.8118275656758548,0.021555002431087076,0.09988758634285566,0.23003878584662246,0.08933271621532533,0.26325205379059813,0.19254333733438553
1.3920000000000003,0.828591827366287,0.1731403526936143,-0.8103004594885366,0.021536170118740997,0.09948481480016128,0.2294503717796074,0.08924368102144281,0.2628061727267634,0.19230446218660427
1.3940000000000001,0.8269613159771075,0.17245217212397773,-0.8087801100746183,0.021517370683273432,0.09908527529747511,0.2288649539115195,0.08915482307175665,0.26236179624012085,0.1920661783264939
1.3960000000000004,0.8253384855572976,0.17176865243638048,-0.8072664651663685,0.02149860403867011,0.09868892912352893,0.22828250946364803,0.08906614183769562,0.26191891674455947,0.1918284835639032
1.3980000000000001,0.8237232725613177,0.17108974621385165,-0.8057594731057195,0.02147987009921655,0.09829573818222917,0.22770301588711303,0.08897763679278758,0.26147752670477004,0.19159137571947163
1.4,0.8221156142324341,0.17041540670624503,-0.8042590828345786,0.0214611687794967,0.09790566498049641,0.22712645085997918,0.08888930741264889,0.26103761863582114,0.19135485262456284
